"BehaviorSpace results (NetLogo 6.4.0)","Table version 2.0"
"Sugarscape 2-change.nlogo"
"pop-endowment"
"03/06/2024 22:46:56:121 +0000"
"min-pxcor","max-pxcor","min-pycor","max-pycor"
"0","49","0","49"
"[run number]","maximum-sugar-endowment","minimum-sugar-endowment","initial-population","visualization","[step]","count turtles","gini-index-reserve","mean-sugar","median-sugar","mean-lowviz","mean-hiviz","median-lowviz","median-hiviz","sd-lowviz","sd-hiviz","mean-lowmtb","mean-himtb","median-lowmtb","median-himtb","sd-lowmtb","sd-himtb","starve-count","age-death-count"
"1","25","0","100","color-agents-by-vision","500","63","9.436006188183358","913.1587301587301","995","790.7619047619048","916.8695652173913","861","995","462.03061638401243","506.60943395980604","1235.6774193548388","2","1424","2","427.5657756101607","1.4142135623730951","0","0"
"2","25","0","200","color-agents-by-vision","500","121","21.246459638733956","720.1487603305785","776","552.2727272727273","811.2222222222222","549","811","427.7907105647042","434.427650648297","1030.6851851851852","0","1181","0","412.516200897365","0","0","0"
"3","25","0","300","color-agents-by-vision","500","170","31.661066511678598","647.7411764705882","667.5","691.8108108108108","662.4683544303797","941","678","410.103295784383","428.8341630168174","964.9358974358975","0","1071","0","358.69859791917804","0","0","0"
"4","25","0","400","color-agents-by-vision","500","238","47.125839236218056","545.7142857142857","558","632.8793103448276","550.9354838709677","716.5","581","283.9209846583035","396.47818642917224","872.2688172043011","0","1019","0","333.55591213028146","0","0","0"
"5","25","0","500","color-agents-by-vision","500","252","44.10495343295073","597.7896825396825","544.5","564.051724137931","566","492","546","332.1499039307188","399.736688333708","902.7304347826087","0","990","0","274.34270160740186","0","0","0"
"6","25","0","600","color-agents-by-vision","500","303","49.3889756652187","597.9570957095709","544","539.1075268817204","636.2777777777778","607","532","327.2487241269709","364.96418550019297","782.4228571428572","0","924","0","326.440192798847","0","0","0"
"7","25","0","700","color-agents-by-vision","500","314","45.102655084465376","596.859872611465","512","452.7708333333333","680.2644628099174","542","513","302.5294932700705","287.80415124974144","781.9112426035502","0","907","0","289.56463285256706","0","0","0"
"8","25","0","800","color-agents-by-vision","500","353","55.7116129711518","538.1303116147309","531","408.6292134831461","617.5693430656934","356","766","296.48828667735654","267.1086966348112","728.3248730964467","0","777","0","253.61487764696858","0","0","0"
"11","25","5","100","color-agents-by-vision","500","65","8.407061936096605","907.1384615384616","929","699.9166666666666","1042.1818181818182","632","965","286.2025532994972","405.86408243288906","1391.5217391304348","0","1450","0","116.92494467711771","0","0","0"
"12","25","5","200","color-agents-by-vision","500","125","20.88450690816486","672.248","665","617.7666666666667","681.9230769230769","560","709","351.2906924111606","393.6932640059774","1124.125","0","1163","0","215.1642410834701","0","0","0"
"9","25","0","900","color-agents-by-vision","500","412","73.79617195902557","464.8883495145631","372.5","296.7967479674797","573.7046979865772","153","766","258.2399747899258","267.13868003280936","664.1238938053098","0","767.5","0","247.10439117437747","0","0","0"
"10","25","0","1000","color-agents-by-vision","500","432","76.19720542655362","455.5787037037037","535","314.2170542635659","564.3537414965987","191","763","259.24779896728126","263.6738542349965","631.9442231075698","0","730","0","243.24359164527644","0","0","0"
"13","25","5","300","color-agents-by-vision","500","168","29.2988960139911","653.4761904761905","667.5","638.2045454545455","679.4025974025974","546","683","355.7480542721116","398.93625858552565","1040.2121212121212","0","1096.5","0","248.80301229635248","0","0","0"
"14","25","5","400","color-agents-by-vision","500","223","41.01982649936958","597.5605381165919","572","568.8627450980392","608.7340425531914","483","591","349.13160954619065","407.52344547717695","903.1052631578947","0","1030","0","340.76810838957437","0","0","0"
"15","25","5","500","color-agents-by-vision","500","271","45.9122075311705","587.4723247232472","533","517.3648648648649","596.2372881355932","429","537.5","311.33664879933093","371.1449984571561","867.2049180327868","0","986.5","0","293.0037073785868","0","0","0"
"16","25","5","600","color-agents-by-vision","500","274","43.0792095451156","611.7700729927008","527","488.7926829268293","620.5094339622641","419","527.5","295.6778250767137","382.98604339317944","863.9347826086956","0","966","0","270.55512563545454","0","0","0"
"17","25","5","700","color-agents-by-vision","500","307","43.943125493464315","594.0846905537459","501","466.4375","663.7787610619469","558","508","313.20454123766905","287.7859675458629","779.2215189873418","0","892.5","0","303.92061533516187","0","0","0"
"21","25","10","100","color-agents-by-vision","500","66","10.321904440190668","807.3636363636364","891","684.5882352941177","747.3214285714286","664","897","421.0348944599974","429.5854206067561","1102.695652173913","5.5","1352","5.5","526.3320274903052","6.363961030678928","0","0"
"18","25","5","800","color-agents-by-vision","500","340","55.8989951726739","537.9911764705882","472","355.04395604395603","611.0859375","239","481.5","298.90778630384443","287.94148649197575","733.8742857142857","0","855","0","305.59436372350365","0","0","0"
"22","25","10","200","color-agents-by-vision","500","118","21.2421930840707","687.6779661016949","684.5","542.8333333333334","788.795918367347","564.5","796","416.8055044879188","430.2016474666191","1113.2325581395348","0","1247","0","330.5104160313331","0","0","0"
"19","25","5","900","color-agents-by-vision","500","385","67.34872021670633","469.84415584415586","365","290.4117647058824","557.7828947368421","214","381","252.57942003373464","273.3939475672412","663.1958762886597","0","795.5","0","287.6491328160924","0","0","0"
"20","25","5","1000","color-agents-by-vision","500","427","77.6526742569141","439.57142857142856","332","327.2751677852349","523.390977443609","207","345","265.94733422596534","264.97409349030164","646.9864253393665","0","732","0","234.05969478742355","0","0","0"
"23","25","10","300","color-agents-by-vision","500","175","35.74016759613419","587.1257142857143","592","524.8571428571429","650.9411764705883","497.5","675","418.94149841484625","443.04044094082764","942.6865671641791","0","1094","0","401.79442991128445","0","0","0"
"24","25","10","400","color-agents-by-vision","500","233","43.96161980833149","553.9785407725321","545","576.0625","577.4752475247525","484","583","287.8013799628324","397.5047822117214","945.4375","0","1032.5","0","259.97603802677907","0","0","0"
"25","25","10","500","color-agents-by-vision","500","264","49.016524209133756","584.0833333333334","551.5","541.8030303030303","570.7","620.5","553.5","318.2108744308727","424.85186949003094","828.7481481481482","0","992","0","348.2608329098786","0","0","0"
"26","25","10","600","color-agents-by-vision","500","269","40.94122848906102","630.5687732342008","546","521.8787878787879","657.4649122807018","451.5","553.5","296.3304037025364","381.4628846772323","862.0928571428572","0","981","0","290.0267637471062","0","0","0"
"27","25","10","700","color-agents-by-vision","500","327","52.79949705946667","531.4311926605504","459","344.1010101010101","656.3193277310925","251","502","273.5499616698594","275.0655679236704","766.9932432432432","0","880.5","0","283.01588851390414","0","0","0"
"31","25","15","100","color-agents-by-vision","500","59","10.762831162018017","775.3898305084746","730","647.2352941176471","913.4090909090909","627","1003.5","450.6344873358791","568.2728770322958","1126.904761904762","4.75","1467","5.5","570.2798352354662","2.6299556396765835","0","0"
"28","25","10","800","color-agents-by-vision","500","358","54.126123721001214","512.6871508379888","395","382.1782178217822","567.7744360902255","280","398","266.85937855131135","267.35680439571235","728.5224719101124","0","806","0","222.1551909604889","0","0","0"
"32","25","15","200","color-agents-by-vision","500","119","22.95604707949513","650.4285714285714","641","509.70588235294116","828.1842105263158","534","827.5","426.51928297818864","421.4872544809635","1036.452380952381","0","1185","0","436.28583170372644","0","0","0"
"29","25","10","900","color-agents-by-vision","500","414","78.5975658003187","439.58937198067633","349","299.859375","540.3741007194244","160.5","374","283.56911791629705","280.1754696919774","625.2596153846154","0","761.5","0","302.7375099109752","0","0","0"
"30","25","10","1000","color-agents-by-vision","500","432","76.12911127014685","459.3009259259259","526.5","314.38775510204084","585.75","183","776.5","261.8221305929153","257.39193954787646","636.828","0","743.5","0","245.95988183010573","0","0","0"
"33","25","15","300","color-agents-by-vision","500","194","33.09934617923491","655.9381443298969","645","666.7333333333333","638.9358974358975","880","649","352.8262126934964","414.8656280580368","1023.6987951807229","0","1079","0","216.63033225333254","0","0","0"
"34","25","15","400","color-agents-by-vision","500","236","46.584645131938125","558.8135593220339","538.5","568.40625","550.1747572815534","519","553","312.0984133936876","429.6892043067113","874.1111111111111","0","1013","0","340.08672029978334","0","0","0"
"35","25","15","500","color-agents-by-vision","500","272","45.81342415893641","581.8088235294117","527.5","449.7093023255814","656.1413043478261","390","582.5","296.3683664265318","346.8258448080988","829.1056910569106","0","974","0","333.5872293081832","0","0","0"
"36","25","15","600","color-agents-by-vision","500","280","44.6405133319087","601.6714285714286","524.5","530.4819277108434","638.7256637168142","616","531","300.2911742018997","360.54096873873357","830.7816901408451","0","961.5","0","300.6621325678439","0","0","0"
"37","25","15","700","color-agents-by-vision","500","323","46.58168681571157","586.1888544891641","481","431.86407766990294","702.6050420168067","346","909","264.8963559266333","273.8292557969196","772.7371428571429","0","901","0","284.09481083524565","0","0","0"
"41","25","20","100","color-agents-by-vision","500","58","10.471310211096917","782.448275862069","907.5","751.2","900.2272727272727","1104","994","513.5867154490217","480.39140111829465","981.4230769230769","4.5","1176.5","4.5","610.7355678574435","0.7071067811865476","0","0"
"38","25","15","800","color-agents-by-vision","500","379","62.58775019419644","495.9208443271768","416","355.00970873786406","578.445205479452","270","431.5","273.4820672023797","265.57518659595195","695.6548223350254","0","784","0","254.57375868661433","0","0","0"
"39","25","15","900","color-agents-by-vision","500","399","69.07529201579699","479.76942355889724","386","341.94871794871796","576.1172413793104","244","404","274.9841013007293","270.52055024239513","675.7183098591549","0","776","0","259.24051900015473","0","0","0"
"42","25","20","200","color-agents-by-vision","500","112","18.184938873552504","747.1339285714286","806.5","607.75","806.3243243243244","575.5","830","400.80716946778057","392.342824442976","1124","0","1215.5","0","324.59993265413624","0","0","0"
"40","25","15","1000","color-agents-by-vision","500","463","86.45115267877554","406.3218142548596","257","261.2991452991453","492.24598930481284","120","703","249.1454451602332","259.0488462729243","626.6916666666667","0","698.5","0","192.0202785592286","0","0","0"
"43","25","20","300","color-agents-by-vision","500","181","34.75815341008503","631.5359116022099","628","496.48","777.8307692307692","440.5","723","386.45316742426223","424.15244787512603","971.1973684210526","0","1116","0","384.4139095553764","0","0","0"
"44","25","20","400","color-agents-by-vision","500","215","41.16016348425822","582.660465116279","587","539.72","656.0760869565217","502","623.5","340.86139621343364","386.1549889174533","931.2530120481928","0","1062","0","334.82838135428295","0","0","0"
"45","25","20","500","color-agents-by-vision","500","262","51.416575633065285","541.5610687022901","526.5","453.0983606557377","541.3434343434343","417","546","331.0915132768196","392.2425624381996","829.4818181818182","0","991.5","0","357.7875370729636","0","0","0"
"46","25","20","600","color-agents-by-vision","500","295","48.45224464685475","595.0881355932204","554","520.0444444444445","651.9444444444445","572.5","574.5","310.18482750769743","368.7539724692306","808.9119496855346","0","930","0","306.29140141019343","0","0","0"
"47","25","20","700","color-agents-by-vision","500","308","49.01452187465216","583.3116883116883","502","471.4259259259259","639.1909090909091","404","505.5","305.369156210242","335.0728934922884","765.5654761904761","0","909","0","324.29257212261837","0","0","0"
"48","25","20","800","color-agents-by-vision","500","353","57.3931657037109","526.5892351274788","476","384.25714285714287","605.9","352","501","281.90045394441273","282.03439804511834","724.8944444444444","0","819","0","282.25394677799767","0","0","0"
"51","25","25","100","color-agents-by-vision","500","65","8.726072491682721","878.6153846153846","890","788.7368421052631","1082.85","727","999","425.82479992823113","417.3630597983134","1301.0454545454545","0","1401","0","316.1834123043937","0","0","0"
"49","25","20","900","color-agents-by-vision","500","380","64.24065393942351","485.0763157894737","370.5","318.81481481481484","564.5060240963855","204.5","381","270.03070604725053","265.154563203677","680.020618556701","0","809.5","0","279.80309432420114","0","0","0"
"52","25","25","200","color-agents-by-vision","500","127","22.02182886260721","707.7244094488188","757","688.1470588235294","910.0487804878048","890","839","410.4078630850004","403.0049597225518","1016.3518518518518","0","1144","0","410.60039598761375","0","0","0"
"50","25","20","1000","color-agents-by-vision","500","438","79.02956348999984","439.0365296803653","318.5","325.1642857142857","536.8243243243244","199","743.5","263.3841905066411","269.2354687547589","629.5210084033613","0","727","0","241.89572495370302","0","0","0"
"53","25","25","300","color-agents-by-vision","500","179","31.569896275341826","663.5530726256983","659","597.4042553191489","756.7101449275362","544","698","396.456295062321","399.71490212875756","985.6153846153846","0","1109.5","0","358.13663614582936","0","0","0"
"54","25","25","400","color-agents-by-vision","500","234","45.4785833051309","580.8632478632478","556.5","611.7068965517242","570.0537634408602","617","568","334.81290971676503","445.3226081605821","851.8018867924528","0","1014.5","0","388.3950472885963","0","0","0"
"55","25","25","500","color-agents-by-vision","500","261","45.738151942522634","575.9386973180077","537","569.2121212121212","566.2142857142857","640","548","288.1642968944314","401.872989405732","888.9549549549549","0","999","0","258.12609277382205","0","0","0"
"56","25","25","600","color-agents-by-vision","500","302","46.612028807248606","594.9569536423841","505","481.15625","671.4434782608696","390.5","524","321.4716596537342","327.1394946658866","778.8260869565217","0","924","0","330.18639745637216","0","0","0"
"57","25","25","700","color-agents-by-vision","500","299","41.81471003478178","618.2842809364548","502","474.2659574468085","707.295652173913","383.5","948","279.7075344894175","308.9293615367873","804.5987654320987","0","937.5","0","298.4442780138559","0","0","0"
"61","30","0","100","color-agents-by-vision","500","59","9.591406340279654","880.0338983050848","974","601.8125","914.9230769230769","682","988","396.21428861160473","570.1121940865271","1248.125","4.5","1454.5","4","484.44197503304053","3.415650255319866","0","0"
"58","25","25","800","color-agents-by-vision","500","359","56.39505476425515","533.3064066852368","441","355.4367816091954","621.875","284","649","274.66375643047314","277.24382429891585","712.954081632653","0","840","0","282.10238718424506","0","0","0"
"62","30","0","200","color-agents-by-vision","500","126","23.57871069776224","672.4444444444445","714.5","551.3076923076923","853.9090909090909","563","816","423.88424151226616","415.3405337613954","1009.1176470588235","0","1116","0","421.0685762228677","0","0","0"
"59","25","25","900","color-agents-by-vision","500","399","67.53963939091466","472.0501253132832","385","351.1487603305785","548.1038961038961","253","395","260.2489724973961","271.76867250893764","670.1504854368932","0","763.5","0","251.75420005168849","0","0","0"
"63","30","0","300","color-agents-by-vision","500","190","34.51463058411949","619.8263157894737","590","624.0625","625.8356164383562","530.5","668","277.0962200384092","442.1511183878524","931.974025974026","0","1067","0","375.5392254382873","0","0","0"
"60","25","25","1000","color-agents-by-vision","500","426","71.1595938177822","482.6807511737089","557","365.4852941176471","563.8137931034482","521.5","758","267.82788794282203","269.560547367967","651.9960784313726","0","738","0","241.67141905428204","0","0","0"
"64","30","0","400","color-agents-by-vision","500","234","47.546704055151956","541.7820512820513","540","516.98","579.9126213592233","496","581","306.0900554425386","416.2663670878915","908.3255813953489","0","1032.5","0","323.9565127627822","0","0","0"
"65","30","0","500","color-agents-by-vision","500","260","46.067295319285805","573.876923076923","536","502.2638888888889","640.36","443","564","308.07539744128735","370.18743600746075","828.25","0","984","0","347.3909431624612","0","0","0"
"66","30","0","600","color-agents-by-vision","500","276","47.91432313859169","573.9673913043479","517","466.1392405063291","584.7333333333333","426","535","315.5077200151517","377.5227264342625","824.0681818181819","0","964.5","0","309.7211056009652","0","0","0"
"67","30","0","700","color-agents-by-vision","500","301","39.41452201423961","616.4086378737542","502","467.0235294117647","711.5948275862069","536","929","268.4228618674446","271.1505270524835","802.1739130434783","0","925","0","270.35057252615053","0","0","0"
"71","30","5","100","color-agents-by-vision","500","57","7.87715193364911","922.2631578947369","979","710.0588235294117","1026.2222222222222","743","992","464.31461189965734","434.077388822753","1272","0","1452","0","420.2546846853703","0","0","0"
"68","30","0","800","color-agents-by-vision","500","346","55.817216173840066","523.5028901734104","436.5","395.2247191011236","619.5038759689922","339","458","292.9564718213654","279.3765974235933","712.0172413793103","0","841","0","305.6542206336925","0","0","0"
"72","30","5","200","color-agents-by-vision","500","116","20.57281432412935","657.198275862069","639","501.5","754.3555555555556","527.5","801","378.9867645999468","405.15368327426944","1042.6666666666667","0","1173","0","428.5763809237675","0","0","0"
"69","30","0","900","color-agents-by-vision","500","376","63.604981143850026","494.36436170212767","400","349.3628318584071","594.4677419354839","262","424.5","269.4856231901707","277.1773942695304","682.3877551020408","0","814.5","0","285.5161815039134","0","0","0"
"70","30","0","1000","color-agents-by-vision","500","416","74.1585823260925","455.03846153846155","360.5","334.06722689075633","536.6526946107784","220","364","268.0165290593555","264.77557962923345","641.9058295964126","0","754","0","260.5098174078335","0","0","0"
"73","30","5","300","color-agents-by-vision","500","189","37.69405416136511","586.3333333333334","605","575.8857142857142","639.0588235294117","515","656","361.0747658790653","402.52475087878514","964.112676056338","0","1086","0","349.80952160919054","0","0","0"
"74","30","5","400","color-agents-by-vision","500","232","46.315402669796114","587.6724137931035","564.5","514.6111111111111","639.9473684210526","482","596","352.9951849939753","427.31413449694537","892.9090909090909","0","1019","0","351.0124424845685","0","0","0"
"75","30","5","500","color-agents-by-vision","500","264","47.283519924283205","584.314393939394","537.5","533.4307692307692","588.5980392156863","471","546.5","325.3224347297025","401.136461307342","854.312","0","976","0","318.15555679978416","0","0","0"
"76","30","5","600","color-agents-by-vision","500","289","43.08459899218236","587.7923875432526","492","457.44303797468353","648.1363636363636","363","506","304.18591425586754","313.3039230632759","817.4328358208955","0","937","0","300.18940005633675","0","0","0"
"77","30","5","700","color-agents-by-vision","500","309","43.11270741487406","584.3236245954693","464","443.29411764705884","691.2649572649573","341","496","287.0571464397444","265.60780632101523","776.8333333333334","0","901","0","294.0212156780821","0","0","0"
"81","30","10","100","color-agents-by-vision","500","60","10.769455172980527","811.2666666666667","893.5","566.6666666666666","843.4347826086956","350","979","469.1021461573287","528.5362141275361","1174.875","5.666666666666667","1442.5","3","541.2395043665573","5.507570547286102","0","0"
"78","30","5","800","color-agents-by-vision","500","342","54.074472446324826","556.3304093567251","475","354.8921568627451","669.6449275362319","240","672","291.7953611851348","264.3988581952619","753.7621621621622","0","863","0","277.5765223040848","0","0","0"
"79","30","5","900","color-agents-by-vision","500","402","67.98683803194784","482.12935323383084","378.5","351.872","569.5641025641025","252","384.5","275.7115421080751","270.37611030866066","665.2027027027027","0","773.5","0","256.32060557696315","0","0","0"
"82","30","10","200","color-agents-by-vision","500","123","23.533897414336785","618.7967479674796","604","548.9090909090909","652.4333333333333","550.5","722","368.49344622858615","421.6622620970914","1052.6923076923076","0","1192","0","372.6223680212952","0","0","0"
"83","30","10","300","color-agents-by-vision","500","175","31.055799312400538","649.88","643","671.0408163265306","709.4558823529412","593","691.5","363.81222029043096","409.5350634241673","956.5616438356165","0","1074","0","385.5593694844677","0","0","0"
"80","30","5","1000","color-agents-by-vision","500","446","79.86494361535159","432.8452914798206","302","329.3828125","532.9766081871345","349","737","260.22159306548593","259.0079706521966","619.858870967742","0","713.5","0","230.23369627564162","0","0","0"
"84","30","10","400","color-agents-by-vision","500","231","45.51712074203351","535.7922077922078","541","523.8636363636364","556.9024390243902","483.5","589","326.2961319633834","404.36292248473717","887.367088607595","0","1019","0","337.65481452919994","0","0","0"
"85","30","10","500","color-agents-by-vision","500","260","49.80120499007655","542.6153846153846","519.5","464.10169491525426","573.5078125","419","543.5","288.2821112846458","406.44467708291546","841.6981132075472","0","998.5","0","339.0245438456328","0","0","0"
"86","30","10","600","color-agents-by-vision","500","279","45.08224565438109","586.0143369175627","505","438.30357142857144","616.7913043478261","390.5","518","312.6258245392264","349.4880339705991","801.4135338345865","0","967","0","349.95541118183576","0","0","0"
"87","30","10","700","color-agents-by-vision","500","323","57.76297396217002","533.7554179566564","505","389.6489361702128","609.8175182481751","281","540","290.71823211268855","347.93295540313557","735.4705882352941","0","862","0","321.59607832087727","0","0","0"
"91","30","15","100","color-agents-by-vision","500","63","9.365188504326332","821.8412698412699","934","779.0588235294117","791.7826086956521","796","962","468.1398656635957","387.7263510778679","1107.4782608695652","0","1293","0","526.7482467128104","0","0","0"
"88","30","10","800","color-agents-by-vision","500","368","61.21436628884428","501.0597826086956","428.5","292.52525252525254","577.7151898734177","198","444","246.720297032992","264.5028527839643","707.4202127659574","0","788","0","262.64589328163595","0","0","0"
"89","30","10","900","color-agents-by-vision","500","397","69.28037431873372","483.4307304785894","422","349.56410256410254","575.5886524822695","254","435","286.28603927972483","276.0114405217391","660.5570776255707","0","757","0","277.8591983586677","0","0","0"
"92","30","15","200","color-agents-by-vision","500","122","23.878825464968305","637.7131147540983","706","487.1470588235294","772.6666666666666","508","808","454.66658662264524","388.67753636237734","939.9090909090909","0","1121","0","487.50340813033216","0","0","0"
"90","30","10","1000","color-agents-by-vision","500","425","78.36481455578397","437.36","327","313.05882352941177","541.1730769230769","179","354.5","255.36584547014058","277.3006325612305","630.6027397260274","0","744","0","267.2650510549317","0","0","0"
"93","30","15","300","color-agents-by-vision","500","160","27.451247390445975","661.63125","676","697.7777777777778","670.1206896551724","935","713","382.4695406106864","412.0003013789652","988.276923076923","0","1083","0","351.2310274098583","0","0","0"
"94","30","15","400","color-agents-by-vision","500","247","51.21272007540054","536.9433198380567","547","540.7083333333334","521.6195652173913","493.5","569","331.7851178648911","427.47158102033944","876.6764705882352","0","1005","0","321.66522667945736","0","0","0"
"95","30","15","500","color-agents-by-vision","500","265","50.355163642299416","554.822641509434","528","554.1142857142858","541.3551401869158","476.5","532","294.84250489288576","410.2865600587456","825.5338983050848","0","994.5","0","350.6204435315775","0","0","0"
"96","30","15","600","color-agents-by-vision","500","285","49.19374414660691","554.4842105263158","498","436.5625","592.4434782608696","375","520","306.10802444003696","343.64621728525145","814.3821138211382","0","951","0","320.8655946676066","0","0","0"
"97","30","15","700","color-agents-by-vision","500","326","51.14434583406757","574.4447852760736","497.5","410.60215053763443","663.4016393442623","366","693","311.43671769038355","313.8651250003816","757.2921348314607","0","892","0","310.27031051569725","0","0","0"
"101","30","20","100","color-agents-by-vision","500","66","9.597158798425799","912.439393939394","972.5","805.4583333333334","1140.5","789","1466","415.5173809127359","456.69101612635905","1277.1666666666667","0","1435.5","0","364.8431012171494","0","0","0"
"98","30","15","800","color-agents-by-vision","500","340","53.76844181047973","563.7764705882353","499.5","410.35185185185185","683.5263157894736","328.5","874","281.28172310612","288.0503580486054","742.7225130890052","0","865","0","294.8724103493409","0","0","0"
"99","30","15","900","color-agents-by-vision","500","416","74.43810261385016","448.5168269230769","331","295.1727272727273","543.425925925926","174","362.5","252.6761301989372","274.36501066138936","644.1152073732719","0","761","0","259.91355507217725","0","0","0"
"102","30","20","200","color-agents-by-vision","500","126","22.328623940238323","669.3253968253969","674","511.2142857142857","756.4893617021277","528","802","399.1305696638778","423.35507105586225","952.9333333333333","0","1155","0","480.3196568195735","0","0","0"
"103","30","20","300","color-agents-by-vision","500","174","31.39699598965558","613.3563218390805","616.5","610.6666666666666","641.3461538461538","549","705.5","351.34311814331386","374.3616205303283","977.3870967741935","0","1075.5","0","330.7347684231159","0","0","0"
"100","30","15","1000","color-agents-by-vision","500","425","71.50819005342866","468.5741176470588","528","348.3089430894309","536.7535211267606","523","362","261.33017649876143","265.33704477124803","649.3817427385892","0","742","0","232.0406832115514","0","0","0"
"104","30","20","400","color-agents-by-vision","500","223","45.9735154032426","559.2556053811659","556","534.655737704918","592.4554455445544","499","585","373.5133592098103","432.28577410672386","912.8","0","1038.5","0","345.21330972817833","0","0","0"
"105","30","20","500","color-agents-by-vision","500","263","44.38970345545479","599.041825095057","543","594.7258064516129","544.8198198198198","636","531","270.3632753067341","400.6006217532096","887.3203125","0","973","0","231.67374336268904","0","0","0"
"106","30","20","600","color-agents-by-vision","500","283","51.01395047518394","561.8056537102474","518","486.5128205128205","611.6929824561404","422","549","315.2509922984988","369.6747943512471","771.6474820143885","0","953","0","366.7667161915496","0","0","0"
"107","30","20","700","color-agents-by-vision","500","323","48.72229072697967","572.452012383901","488","378.4583333333333","669.5309734513274","283","508","275.0274978277689","289.82220753163176","782.7065868263473","0","884","0","270.60370506945435","0","0","0"
"111","30","25","100","color-agents-by-vision","500","69","9.968509896184663","880.8840579710145","965","612.4117647058823","993.7857142857143","680","973.5","410.0846038964901","413.7874169848891","1164.6896551724137","0","1389","0","487.27728271109186","0","0","0"
"108","30","20","800","color-agents-by-vision","500","348","53.1316269328554","551.5632183908046","447","405.3805309734513","654.536","320","461","290.72275448391633","271.7670238012818","739.3280423280423","0","861","0","273.3431875844114","0","0","0"
"109","30","20","900","color-agents-by-vision","500","381","63.8159645349142","500.28871391076115","411","363.8373983739837","597.223880597015","266","629","269.37393639008735","288.9142402555155","706.1859296482412","0","806","0","257.9885687762292","0","0","0"
"112","30","25","200","color-agents-by-vision","500","133","25.7470147372281","656.1052631578947","649","462.5833333333333","820.8157894736842","533","796","393.3649250832035","476.3532561123303","1043.62","0","1217.5","0","426.0793204873229","0","0","0"
"110","30","20","1000","color-agents-by-vision","500","425","76.23919217418745","432.4752941176471","309","323.71311475409834","530.8679245283018","177.5","335","267.3555369397965","264.6732189425519","639.0094339622641","0","737.5","0","244.65993403681946","0","0","0"
"113","30","25","300","color-agents-by-vision","500","177","31.871802312799552","642.457627118644","630","546.4651162790698","754.776119402985","525","722","356.65471823581294","431.0061456671988","957.2777777777778","0","1094","0","389.16990830148546","0","0","0"
"114","30","25","400","color-agents-by-vision","500","240","44.81599582545911","590.8833333333333","563","526.968253968254","587.0736842105263","470","584","349.52922108929505","414.3075032857061","919.1456310679612","0","1025","0","308.7176007535673","0","0","0"
"115","30","25","500","color-agents-by-vision","500","265","49.5616350288266","545.8792452830189","522","470.42622950819674","543.7391304347826","393","535","274.30818793323164","401.34845268534605","863.433962264151","0","990","0","305.4462471257399","0","0","0"
"116","30","25","600","color-agents-by-vision","500","291","42.87921529757655","617.127147766323","521","460.46590909090907","685.5945945945946","369.5","543","301.68556931430675","324.7012718954393","836.9019607843137","0","941","0","277.5134364861287","0","0","0"
"117","30","25","700","color-agents-by-vision","500","312","52.85838393412516","541.0416666666666","479","478.6831683168317","561.311475409836","413","502","300.68624613350937","362.23534840738785","742.9666666666667","0","896","0","336.7000819574545","0","0","0"
"121","35","0","100","color-agents-by-vision","500","64","8.735336426079762","868.96875","945.5","804.3","972.5238095238095","744.5","990","390.42906222715914","448.6568420349364","1289.7619047619048","0","1402","0","320.1207435893377","0","0","0"
"118","30","25","800","color-agents-by-vision","500","337","50.24066468593063","564.2878338278932","494","446.0480769230769","645.0676691729324","540.5","496","291.5763444733815","276.6269831568049","754.6440677966102","0","867","0","275.1834571562214","0","0","0"
"119","30","25","900","color-agents-by-vision","500","418","76.0853856590737","465.49282296650716","402","321.80172413793105","546.5202702702703","243","410.5","269.5509379893057","275.00489716343606","655.530701754386","0","743.5","0","269.5102818164674","0","0","0"
"122","35","0","200","color-agents-by-vision","500","132","25.525099075297213","670.9772727272727","735","592.125","812.9318181818181","565","803.5","428.95383694608586","431.0590742296084","990.4912280701755","0","1103","0","442.5003681518654","0","0","0"
"120","30","25","1000","color-agents-by-vision","500","449","81.88374092904668","442.8708240534521","356","321.8076923076923","519.3112582781457","185.5","358","265.6285817157438","274.771084976336","633.1481481481482","0","722","0","246.13022041075956","0","0","0"
"123","35","0","300","color-agents-by-vision","500","178","35.516345135595564","610.0842696629213","612.5","546.5510204081633","674.830985915493","522","668","425.96821385836654","442.92504963885875","924.0384615384615","0","1059.5","0","403.050621754022","0","0","0"
"124","35","0","400","color-agents-by-vision","500","216","41.291907052562635","579.3796296296297","583.5","506.54901960784315","662.1294117647059","481","619","346.03024802612214","401.451259813196","927.4512195121952","0","1060.5","0","340.4395906398632","0","0","0"
"125","35","0","500","color-agents-by-vision","500","270","51.57538039608662","561.7925925925925","537.5","537.5454545454545","583.8518518518518","450","555","313.3835948354057","401.8757146140317","821.9448818897638","0","984","0","353.53377753549614","0","0","0"
"126","35","0","600","color-agents-by-vision","500","286","44.739637224780914","615.6888111888112","537","467.5925925925926","658.7345132743363","414","537","312.63888025075266","362.1282827579178","841.2828947368421","0","954","0","287.9150771078202","0","0","0"
"127","35","0","700","color-agents-by-vision","500","311","43.86865536119642","602.0096463022508","501","487.4","712.4351851851852","588","935.5","296.25938893462074","272.70456689704963","758.3728813559322","0","901","0","309.86290397593666","0","0","0"
"128","35","0","800","color-agents-by-vision","500","365","62.85043813491978","510.25753424657535","475","362.2894736842105","617.1384615384616","308","493","276.3984146210508","289.0530316367397","715.1746031746031","0","804","0","278.44013870297533","0","0","0"
"131","35","5","100","color-agents-by-vision","500","65","10.350256280681498","852.4307692307692","983","688.2105263157895","872.7407407407408","673","964","453.6404081241451","519.0837780753399","1194.392857142857","10","1417.5","8","446.6381698443436","5.291502622129181","0","0"
"129","35","0","900","color-agents-by-vision","500","382","63.196992979760296","497.4397905759162","388.5","317.2436974789916","598.9172413793103","212","413","262.2327846181436","260.24754517596307","706.14","0","802","0","240.85112981605116","0","0","0"
"132","35","5","200","color-agents-by-vision","500","120","21.114462395815508","681.8833333333333","720.5","574.2413793103449","771.4736842105264","567","776.5","439.00566667123803","409.0399925496023","1060.7441860465117","0","1159","0","354.0777485930547","0","0","0"
"133","35","5","300","color-agents-by-vision","500","181","35.26883122847301","601.5193370165746","623","482.57142857142856","750.9850746268656","510","736","384.16241154173116","401.79659004757355","918.2089552238806","0","1071","0","418.57834925380865","0","0","0"
"130","35","0","1000","color-agents-by-vision","500","433","80.4376966628706","427.89607390300233","312","288.6818181818182","518.2163742690059","155","333","263.100286170366","267.69500856881723","630.5022421524664","0","726","0","247.39451067852949","0","0","0"
"134","35","5","400","color-agents-by-vision","500","232","46.52709623995587","562.1724137931035","544.5","573.7377049180328","538","510","553","358.2811234044827","405.47897001194923","907.6559139784946","0","1011","0","337.78963400265076","0","0","0"
"135","35","5","500","color-agents-by-vision","500","264","52.28323914073719","535.5189393939394","524","532.5454545454545","532.2788461538462","461","535","323.9952300434515","388.77905614838176","792.5","0","964","0","366.2607485077208","0","0","0"
"136","35","5","600","color-agents-by-vision","500","283","44.4764117778196","618.1590106007067","537","524.1369863013699","625.1951219512196","566","534","291.5593762220891","393.059513671257","818.2405063291139","0","959.5","0","316.4917046513507","0","0","0"
"137","35","5","700","color-agents-by-vision","500","318","51.073669237923255","574.811320754717","512.5","443.9047619047619","645.4","399","515.5","298.4642912480204","330.21280126252987","763.3735632183908","0","902","0","310.9597739759287","0","0","0"
"141","35","10","100","color-agents-by-vision","500","63","11.284042093779124","698.3650793650794","633","645.8888888888889","698.3448275862069","693.5","494","460.82290701959136","467.2590498903509","942.3125","8","1252","11","650.0525844114459","5.196152422706632","0","0"
"138","35","5","800","color-agents-by-vision","500","363","55.15028342882726","541.3829201101928","563","388.6237623762376","652.6040268456376","520","857","278.8657688381688","265.1529599039715","717.6571428571428","0","827.5","0","258.22297877399933","0","0","0"
"139","35","5","900","color-agents-by-vision","500","371","66.13482196277327","491.05390835579516","454","329.7903225806452","614.4710144927536","209.5","497","273.65907441792825","270.2482014641054","695.0054054054054","0","798","0","293.8360326798904","0","0","0"
"142","35","10","200","color-agents-by-vision","500","123","20.46314680084315","717.4146341463414","752","636.6153846153846","799.2790697674419","579.5","788","415.56352842116223","416.29404246228444","1035.8163265306123","0","1156","0","398.9391491542177","0","0","0"
"143","35","10","300","color-agents-by-vision","500","185","35.21460622548847","611.9567567567567","627","663.7142857142857","662.3424657534247","865.5","662","383.5071968488247","416.48850254832576","980.4931506849315","0","1072","0","326.1521084848325","0","0","0"
"140","35","5","1000","color-agents-by-vision","500","454","87.17352705124411","400.6916299559471","275.5","285.06666666666666","484.1864406779661","142.5","301","259.07828651474705","267.87370717731585","619.1741071428571","0","706.5","0","226.08869851368468","0","0","0"
"144","35","10","400","color-agents-by-vision","500","229","49.16190829622298","529.5196506550218","545","520.1111111111111","537.4431818181819","483","566.5","354.1488711531749","415.08450484193537","842.2555555555556","0","1015.5","0","392.9624038142652","0","0","0"
"145","35","10","500","color-agents-by-vision","500","263","48.008473387015876","568.9923954372623","533","525.5645161290323","559.3658536585366","449","541","310.59881988986234","388.5276804766956","880.4778761061947","0","993","0","286.7557789100439","0","0","0"
"146","35","10","600","color-agents-by-vision","500","292","54.10016077070237","549.5787671232877","500.5","450.6333333333333","596.8245614035088","385","539","312.31093876441486","400.0840010384995","759.1632653061224","0","926","0","362.58093174624764","0","0","0"
"147","35","10","700","color-agents-by-vision","500","322","51.00523262521218","565.3136645962733","472.5","385.0686274509804","663.4396551724138","275","505.5","298.55753081112863","292.2674263422963","775.4268292682926","0","899.5","0","298.835183681299","0","0","0"
"148","35","10","800","color-agents-by-vision","500","339","53.096324138715445","544.6519174041298","459","392.00925925925924","645.8403361344538","337","481","286.6573549829156","282.7139952407217","720.5762711864406","0","841","0","309.67267561839105","0","0","0"
"151","35","15","100","color-agents-by-vision","500","71","13.485027932960895","756.3380281690141","781","694.3809523809524","807.0571428571428","698","900","411.76200361258157","521.702526398349","1074.5","12.4","1386","8","548.8062122650305","10.691117808723277","0","0"
"149","35","10","900","color-agents-by-vision","500","415","71.9519727442576","460.4313253012048","332","328.89344262295083","574.046511627907","197","778","268.8199129091447","261.94944826200225","655.3738738738739","0","756.5","0","245.63026300044405","0","0","0"
"152","35","15","200","color-agents-by-vision","500","125","22.508179709437208","655.28","681","547.6666666666666","722.6896551724138","521","717.5","400.53759850492435","392.1296870552578","1022.875","0","1150","0","436.8566735270599","0","0","0"
"153","35","15","300","color-agents-by-vision","500","184","38.5138295844453","570.2173913043479","588.5","431.6595744680851","675.2253521126761","435","683","388.25161477285326","422.3116045624232","939.9701492537314","0","1083","0","394.59403649939577","0","0","0"
"150","35","10","1000","color-agents-by-vision","500","432","77.65637799959306","443.6365740740741","343.5","296.4846153846154","525.248275862069","162","349","252.40171115205737","264.7599681009429","641.5194805194806","0","727","0","236.68584629472608","0","0","0"
"154","35","15","400","color-agents-by-vision","500","241","47.67427491830057","568.8298755186722","549","575.5471698113207","565.83","525","555","331.2844795429855","418.1689053891304","921.2079207920792","0","1014","0","295.57561864374685","0","0","0"
"155","35","15","500","color-agents-by-vision","500","263","48.12645773067491","586.2281368821293","547","557.2923076923076","530.5206611570248","614","538","324.71822992581406","411.3108536369533","861.6434108527131","0","985","0","309.9535196618602","0","0","0"
"156","35","15","600","color-agents-by-vision","500","284","47.6891084798352","574.2288732394367","509.5","486.7972972972973","601.0229007633587","419","523","321.62357729502264","366.74836197314147","816.0833333333334","0","967.5","0","323.3635734527506","0","0","0"
"157","35","15","700","color-agents-by-vision","500","314","48.81586752887036","584.0955414012739","497","403.0520833333333","671.9747899159664","338.5","519","296.14492788397274","305.9877161095085","785.1515151515151","0","922","0","303.9395319768392","0","0","0"
"161","35","20","100","color-agents-by-vision","500","58","9.769613715363018","877.948275862069","946.5","660.4","887.4761904761905","642","1005","417.4278038518415","624.7585628903072","1217.2592592592594","8.75","1448","9","516.3647035986359","3.774917217635375","0","0"
"158","35","15","800","color-agents-by-vision","500","340","52.011037538837634","577.4411764705883","539","421.41","649.2213114754098","365","503.5","277.5119651620103","306.92410325991364","752.1128205128205","0","868","0","291.6934692265606","0","0","0"
"159","35","15","900","color-agents-by-vision","500","402","67.81460126685077","490.1094527363184","392.5","344.0751879699248","591.0839694656488","209","795","274.96951963478455","266.37737944410134","673.362831858407","0","771.5","0","256.5596508311696","0","0","0"
"162","35","20","200","color-agents-by-vision","500","121","21.06825446045225","692.9586776859504","733","549.5","886.953488372093","513","850","414.4541668390564","381.8387813305738","1031.2619047619048","0","1158","0","432.6580387712178","0","0","0"
"163","35","20","300","color-agents-by-vision","500","176","33.31949160807539","640.8352272727273","676","661.734693877551","732.3166666666667","853","718.5","406.31708551277023","415.28040319383746","1008.3896103896104","0","1075","0","303.266911961453","0","0","0"
"160","35","15","1000","color-agents-by-vision","500","444","81.33566184542391","420.59234234234236","343","319.94890510948903","492.1941176470588","231","363","262.2751788273901","261.62128319993644","619.0814479638009","0","708","0","241.6867857930689","0","0","0"
"164","35","20","400","color-agents-by-vision","500","232","48.9434215511612","534.6939655172414","544.5","527.0806451612904","496.6744186046512","491","585","339.7497294121697","408.82582058033887","886.6966292134831","0","1029","0","354.17450130532035","0","0","0"
"165","35","20","500","color-agents-by-vision","500","261","47.31552565537238","578.6245210727969","524","513.3939393939394","628.5258620689655","448.5","561","324.56118914800254","401.47002619626903","873.9043478260869","0","1001","0","318.6034210318704","0","0","0"
"166","35","20","600","color-agents-by-vision","500","285","48.71239385361906","555.340350877193","487","462.67857142857144","574.5390625","421","522","311.69770361932166","344.4491871910783","819.6587301587301","0","928.5","0","300.16228044705184","0","0","0"
"167","35","20","700","color-agents-by-vision","500","314","46.368803964181375","596.4235668789809","506","483.76","694.7844827586207","600","932.5","301.56792691772534","308.69289103332585","783.4540229885057","0","907","0","288.1781434851816","0","0","0"
"168","35","20","800","color-agents-by-vision","500","365","56.529117829449405","534.5780821917808","430","361.624","642.8540145985402","273","832","268.8047517821163","256.38715956611816","753.5364583333334","0","832","0","217.7022288446661","0","0","0"
"171","35","25","100","color-agents-by-vision","500","62","12.44576750766329","752.4354838709677","552","480.3125","876.4761904761905","370.5","950","437.99736966485693","562.9709245642815","1060","14.75","1425","14","630.106584390536","6.994045086119096","0","0"
"169","35","20","900","color-agents-by-vision","500","406","70.8831131384397","474.0911330049261","364.5","322.4424778761062","583.1910828025477","188","784","267.686781854315","278.97746287427714","656.4349775784754","0","772","0","272.55971167565417","0","0","0"
"172","35","25","200","color-agents-by-vision","500","126","23.394200903371132","697.563492063492","681.5","523.1538461538462","876.8541666666666","504","890.5","399.6758909588683","448.6676251465107","1034.5576923076924","0","1191","0","448.21381511206823","0","0","0"
"173","35","25","300","color-agents-by-vision","500","179","35.39470071261128","598.1620111731844","615","468.1578947368421","762.7118644067797","469","728","380.78944263734536","381.170974889469","955.060606060606","0","1093","0","385.4476270435106","0","0","0"
"170","35","20","1000","color-agents-by-vision","500","460","82.38446368351515","440.9304347826087","525.5","312.40875912408757","525.277108433735","173","720","263.7521551276469","263.7862455693779","638.1666666666666","0","715","0","210.6316222349904","0","0","0"
"174","35","25","400","color-agents-by-vision","500","242","53.65535902429678","517.702479338843","527.5","491.3255813953488","522.757281553398","444","553","345.5684565169901","433.33694868822346","928.2777777777778","0","1030.5","0","294.18017974076633","0","0","0"
"175","35","25","500","color-agents-by-vision","500","276","55.64980494148251","515.4528985507246","518","486.75","524.5583333333333","467.5","540.5","297.8527586287977","406.20218494737617","763.5384615384615","0","961","0","382.9247819013083","0","0","0"
"176","35","25","600","color-agents-by-vision","500","286","45.18927658123543","615.2797202797203","533","500.0470588235294","641.8220338983051","400","533","292.67920460244983","394.22011360646763","819.2981366459627","0","963","0","308.5202555084612","0","0","0"
"177","35","25","700","color-agents-by-vision","500","326","47.069218523583075","601.1901840490798","573","392.8085106382979","706.504","299.5","931","273.62384024111566","288.61883626187887","782.855614973262","0","908","0","282.6216276529934","0","0","0"
"178","35","25","800","color-agents-by-vision","500","333","52.19932254227641","580.6906906906906","505","381.47058823529414","704.5984848484849","318.5","897.5","283.78923659919093","296.38879612928906","759.0526315789474","0","896","0","306.05724015663696","0","0","0"
"181","40","0","100","color-agents-by-vision","500","67","10.499819963234595","787.5671641791045","849","587.8333333333334","809.6","618","952","340.9042042430516","458.65282803735835","1259.888888888889","10","1394","8","360.7454518711936","4.358898943540674","0","0"
"179","35","25","900","color-agents-by-vision","500","392","70.0074988274561","467.76020408163265","375.5","322.46875","595.6422018348624","210","416","261.8243065868504","272.11535962391974","658.5634517766498","0","782","0","297.7647206461737","0","0","0"
"182","40","0","200","color-agents-by-vision","500","125","20.9114502840455","750.584","769","568.9722222222222","900.2272727272727","548","842","394.6236171421437","419.62607184150653","1105","0","1193","0","326.2636422982406","0","0","0"
"183","40","0","300","color-agents-by-vision","500","173","30.73467239715817","659.0173410404624","677","555.6122448979592","808.296875","512","753.5","414.04230944869084","380.2378403422976","1009.7916666666666","0","1085.5","0","313.74956091097715","0","0","0"
"180","35","25","1000","color-agents-by-vision","500","431","80.89034564958297","436.046403712297","342","302.1937984496124","530.327485380117","147","368","270.84200530242776","270.182440114069","640.7027027027027","0","735","0","257.7469064323911","0","0","0"
"184","40","0","400","color-agents-by-vision","500","215","40.07463130442742","609.9441860465116","585","539.6730769230769","642.4505494505495","500","632","353.6158723011286","423.6136673835479","953.5326086956521","0","1051.5","0","306.91175132407716","0","0","0"
"185","40","0","500","color-agents-by-vision","500","266","50.66258111978141","572.3458646616541","541","496.7721518987342","597.8947368421053","432","562","356.2506661934243","402.60673155221014","850.6984126984127","0","993","0","332.95069352302045","0","0","0"
"186","40","0","600","color-agents-by-vision","500","294","48.461923812531815","581.5408163265306","511","445.94444444444446","644.4537037037037","371.5","527.5","332.9302103576499","341.1590027045179","776.8940397350993","0","942","0","347.82737389530615","0","0","0"
"187","40","0","700","color-agents-by-vision","500","315","48.148828721544874","575.8190476190476","478","400.16129032258067","713.4732142857143","323","903","300.01149580592454","274.05694022094923","757.2484848484848","0","905","0","324.47154796647965","0","0","0"
"188","40","0","800","color-agents-by-vision","500","344","54.50208318028692","553.9941860465116","470.5","418.72972972972974","644.6782608695652","374","484","295.10759042472955","290.6416841376206","733.978947368421","0","846.5","0","294.608806319144","0","0","0"
"191","40","5","100","color-agents-by-vision","500","62","10.258455912906177","776.3225806451613","776","762.1578947368421","720.3636363636364","684","501.5","406.7688755652956","501.4494747804366","1199.7","11.333333333333334","1320","10","429.01369135310944","2.3094010767585034","0","0"
"189","40","0","900","color-agents-by-vision","500","370","58.362371010319194","518.0594594594595","406.5","377.8688524590164","614.2814814814815","262.5","842","267.1301707271603","273.88497563463727","716.495","0","818","0","242.6404167367235","0","0","0"
"192","40","5","200","color-agents-by-vision","500","124","21.935359838355026","678.508064516129","646","605.5","783.547619047619","563","825","409.0059870416293","452.8178012090003","1079.093023255814","0","1185","0","364.8696971557751","0","0","0"
"193","40","5","300","color-agents-by-vision","500","168","29.15512263002261","684.4047619047619","671.5","560.9130434782609","807.1034482758621","533","722","404.558240613523","400.11448754799613","934.7532467532468","0","1100","0","441.7794804699737","0","0","0"
"190","40","0","1000","color-agents-by-vision","500","456","85.06143570658104","428.9714912280702","316","302.7054794520548","512.296511627907","158.5","333.5","264.0436005743205","266.3276340200747","606.2745098039215","0","708","0","253.34708059365843","0","0","0"
"194","40","5","400","color-agents-by-vision","500","215","41.46999268977118","591.7162790697674","579","542.0357142857143","607.7215189873418","497","589","345.68719250926125","402.78791061953785","901.6966292134831","0","1054","0","375.9657081949212","0","0","0"
"195","40","5","500","color-agents-by-vision","500","253","46.05322386440321","597.4466403162055","565","549.3934426229508","622.6304347826087","500","577.5","338.00050683830466","394.85976693892434","866.6475409836065","0","1002","0","335.25295549399254","0","0","0"
"196","40","5","600","color-agents-by-vision","500","276","47.09239127019538","576.5688405797101","516","496.45205479452056","588.8725490196078","402","531","312.94914572214316","374.5576049648472","828.1007751937984","0","964","0","318.3854249608788","0","0","0"
"197","40","5","700","color-agents-by-vision","500","304","47.76892834097566","576.0559210526316","483.5","391.71875","677.6194690265487","321","501","286.5250132600716","304.12865342130857","767.7792207792207","0","930.5","0","337.01231037334486","0","0","0"
"201","40","10","100","color-agents-by-vision","500","71","11.116755037115587","796.9014084507043","864","641.625","883.5769230769231","654","969.5","440.77045317410324","402.754235044343","1119.695652173913","0","1355","0","528.664736068196","0","0","0"
"198","40","5","800","color-agents-by-vision","500","373","65.66343157621397","495.5710455764075","428","337.0344827586207","597.169014084507","283.5","478.5","272.6978238791534","293.6485807255702","683.9076923076923","0","799","0","305.86623936587455","0","0","0"
"199","40","5","900","color-agents-by-vision","500","409","75.74006647155119","443.5965770171149","334","286.2882882882883","546.1073825503356","188","376","253.50905981255073","281.79701197607335","635.8277511961722","0","769","0","285.4641783320352","0","0","0"
"202","40","10","200","color-agents-by-vision","500","130","24.08762730252797","659.3923076923077","668.5","513.15625","665.1111111111111","551","742","401.28447872164605","378.3245604185288","931.3461538461538","0","1124.5","0","482.33455497827805","0","0","0"
"203","40","10","300","color-agents-by-vision","500","176","34.699709220523424","605.7386363636364","570.5","480.3265306122449","719.0714285714286","469","696.5","348.4556038050317","429.32648551985596","1015.3636363636364","0","1112.5","0","331.2521064717295","0","0","0"
"200","40","5","1000","color-agents-by-vision","500","441","78.99046608532629","440.2471655328798","341","334.4015151515151","504.7435897435897","214.5","338.5","263.87039554777976","270.9757725581426","623.1803278688525","0","708","0","240.43610981629982","0","0","0"
"204","40","10","400","color-agents-by-vision","500","238","49.02911203769209","558.2605042016806","569","523.2264150943396","606.7319587628866","506","605","368.5045997786937","412.3220958653946","855.3269230769231","0","1022","0","381.47145975540076","0","0","0"
"205","40","10","500","color-agents-by-vision","500","265","56.35162938873034","511.70943396226414","514","434.171875","514.3559322033898","428","546.5","305.6695775261254","425.433745992799","790.1727272727272","0","999","0","396.5255029361066","0","0","0"
"206","40","10","600","color-agents-by-vision","500","285","50.74233834524694","555.1684210526316","507","455.4878048780488","588.0438596491229","397","529.5","298.96233066740183","383.4259719103725","791.4469696969697","0","956","0","344.51039081580706","0","0","0"
"207","40","10","700","color-agents-by-vision","500","334","51.08231550527127","558.8982035928144","485.5","411.7","667.0540540540541","340","503","278.1964704067775","279.13547827787","741.2666666666667","0","860","0","290.2192505810412","0","0","0"
"208","40","10","800","color-agents-by-vision","500","363","57.998682443560455","543.6225895316804","542","352.76666666666665","640.531746031746","234","833","287.9301308027516","278.5511855730055","736.5539215686274","0","839.5","0","262.24861673537845","0","0","0"
"211","40","15","100","color-agents-by-vision","500","72","12.242680318097943","850.5416666666666","872","616.5","884.6216216216217","619.5","965","444.00952078244285","563.57585269575","1224.8181818181818","3.3333333333333335","1431","3","466.1537738869985","1.5275252316519468","0","0"
"209","40","10","900","color-agents-by-vision","500","374","60.01402741710842","524.0882352941177","481.5","372.44347826086954","672.8285714285714","283","840.5","266.85225530850244","266.5510585304435","711.2523809523809","0","813.5","0","260.1182802710069","0","0","0"
"212","40","15","200","color-agents-by-vision","500","129","21.73224379454412","693.937984496124","715","578.3243243243244","757.8823529411765","568","798","381.3227747703493","407.13347428374516","1012.3125","0","1155","0","424.5864148441549","0","0","0"
"213","40","15","300","color-agents-by-vision","500","184","34.95873596812277","619.2228260869565","617.5","537.1272727272727","661.4788732394367","518","681","367.21903114492426","434.71129530019056","916.3717948717949","0","1073","0","411.51850912198745","0","0","0"
"210","40","10","1000","color-agents-by-vision","500","462","88.47336307085735","409.54761904761904","319.5","302.18978102189783","483.5759493670886","166","331","265.280249504477","259.56495436120116","610.9285714285714","0","695.5","0","238.35172204042982","0","0","0"
"214","40","15","400","color-agents-by-vision","500","230","44.08499837954761","576.8652173913043","577","541.8225806451613","593.9397590361446","498.5","605","336.75673587010374","389.8913341231521","904.1304347826087","0","1053.5","0","350.13260337001753","0","0","0"
"215","40","15","500","color-agents-by-vision","500","265","51.01289435571603","565.4075471698113","542","460.4189189189189","569.8362068965517","422","567","300.7106198614299","424.16909966715366","845.139344262295","0","999","0","346.95719400567805","0","0","0"
"216","40","15","600","color-agents-by-vision","500","289","44.048191878554405","607.2179930795847","539","504.31081081081084","619.3529411764706","584","532","284.1967255012538","365.55021422867765","831.6993464052288","0","932","0","263.3499544074616","0","0","0"
"217","40","15","700","color-agents-by-vision","500","325","50.3843066651664","574.2369230769231","489","369.69072164948454","655.3362831858407","333","507","271.410910829285","304.53312072450325","769.3699421965318","0","902","0","296.332331545484","0","0","0"
"221","40","20","100","color-agents-by-vision","500","67","12.91511451649744","718.7910447761194","650","388.4736842105263","857.4285714285714","185","941","412.3195050795025","465.51246722602093","1128.25","7","1432.5","7","575.9161008889731","8.48528137423857","0","0"
"218","40","15","800","color-agents-by-vision","500","354","53.58974691198066","555.957627118644","563.5","417.3764705882353","636.8358208955224","549","798.5","282.0924357314792","266.96278904988054","732.9166666666666","0","814.5","0","263.21103169992455","0","0","0"
"219","40","15","900","color-agents-by-vision","500","402","69.69471316907213","476.7313432835821","400.5","323.06140350877195","546.3284671532847","213.5","409","268.31830539566636","269.6737710393869","678.183962264151","0","763.5","0","249.4155426530741","0","0","0"
"222","40","20","200","color-agents-by-vision","500","120","21.702583757581383","718.5916666666667","779","495.80555555555554","940.3863636363636","518.5","849","407.4478630587122","403.4089745406734","1073.88","0","1249","0","409.7424596808416","0","0","0"
"223","40","20","300","color-agents-by-vision","500","166","31.95011392536707","637.1746987951807","649","619.4285714285714","670.4464285714286","571","713.5","384.5145207487835","452.51249785424227","951.068493150685","0","1078","0","403.89892605174555","0","0","0"
"220","40","15","1000","color-agents-by-vision","500","447","78.88012302693816","451.69351230425053","516","304.4714285714286","579.4140127388536","157.5","758","255.81328743191094","250.09572640588453","633.3725490196078","0","738","0","238.26399379583125","0","0","0"
"224","40","20","400","color-agents-by-vision","500","236","46.67166014289246","582.3983050847457","581","540.6153846153846","645.304347826087","490.5","598.5","364.7717607021293","413.49929213515384","889.566037735849","0","1043.5","0","359.7939627029395","0","0","0"
"225","40","20","500","color-agents-by-vision","500","267","50.126612093861624","548.5805243445693","510","529.9242424242424","548.063063063063","440.5","536","277.2818233442459","420.4530084926641","890.6018518518518","0","987.5","0","254.4290268742243","0","0","0"
"226","40","20","600","color-agents-by-vision","500","293","49.940915868204925","558.5255972696245","495","449.35555555555555","568.3584905660377","383.5","507.5","294.9311216908495","381.0165147946626","794.2695035460993","0","935","0","304.61052133204515","0","0","0"
"227","40","20","700","color-agents-by-vision","500","330","46.89283959776625","604.5030303030303","608.5","422.3693693693694","714.9449541284404","333","918","291.2978771550751","268.2006861531251","775.0558375634517","0","894","0","274.6233263145269","0","0","0"
"228","40","20","800","color-agents-by-vision","500","381","60.308818133427046","507.87139107611546","406","381.2068965517241","587.4307692307692","274.5","411","263.9280375320179","275.9355878793426","701.6225490196078","0","793.5","0","244.04178694385774","0","0","0"
"231","40","25","100","color-agents-by-vision","500","67","12.209305114215482","746.820895522388","757","441.44","879.65","298","960","395.81804321346107","442.8891122950232","1135.1","0","1431","0","573.5767649261587","0","0","0"
"229","40","20","900","color-agents-by-vision","500","397","67.54012488017213","486.10831234256926","383","366.9159663865546","588.1582278481013","272","792.5","275.12907848437226","281.2919358041247","642.6726457399103","0","778","0","298.6296714071967","0","0","0"
"232","40","25","200","color-agents-by-vision","500","123","19.988172826879342","747.2113821138212","790","569.7777777777778","833.6274509803922","593","843","395.0336051608131","424.28523239840973","1039.3653846153845","0","1190.5","0","422.85639470508943","0","0","0"
"230","40","20","1000","color-agents-by-vision","500","407","70.75145409439625","471.42997542997546","384","325.8","584.7191780821918","186","764.5","270.07532718288275","268.0016660563418","663.741935483871","0","760","0","257.381827867872","0","0","0"
"233","40","25","300","color-agents-by-vision","500","198","36.55434711767196","619.939393939394","623.5","529.0384615384615","669.85","507","652","352.67620885966477","413.89979524799134","968.873417721519","0","1084","0","333.63646602823627","0","0","0"
"234","40","25","400","color-agents-by-vision","500","236","51.76709489427124","526.4110169491526","537","449.6140350877193","578.6116504854369","448","595","351.2660649293173","431.34921099234646","895.6777777777778","0","1049","0","365.70089170967776","0","0","0"
"235","40","25","500","color-agents-by-vision","500","270","51.24132208455095","560.1703703703704","520.5","459.72222222222223","568.9181818181818","401.5","552","284.4006409444959","433.49482567450804","866.0932203389831","0","990.5","0","318.68729112767096","0","0","0"
"236","40","25","600","color-agents-by-vision","500","283","43.5328270369325","601.6113074204947","523","478.55696202531647","655.5354330708661","418","540","299.8891994889772","347.7411643526358","834.6115107913669","0","955","0","290.2357240566975","0","0","0"
"237","40","25","700","color-agents-by-vision","500","307","44.72928925405685","603.3941368078176","520","464.8404255319149","672.2545454545455","411","524","276.42118802095064","314.5291934165402","804.630303030303","0","919","0","273.69054592693857","0","0","0"
"241","45","0","100","color-agents-by-vision","500","59","8.342960878642101","933.6440677966102","981","784.625","1123.6","815","1015","439.3332637835049","437.05619122226636","1223.392857142857","23","1433","23","447.5369084126296","16.97056274847714","0","0"
"238","40","25","800","color-agents-by-vision","500","342","48.880105133453895","588.5029239766081","633","436.7383177570093","696.9357798165138","376","870","285.4652388198988","267.46281414187627","762.5490196078431","0","859.5","0","256.75811881104903","0","0","0"
"239","40","25","900","color-agents-by-vision","500","401","67.64438544189801","481.82543640897757","369","338.5740740740741","552.56","234.5","381","262.99448143542816","272.84406835697183","669.2614678899082","0","781","0","260.0720397922591","0","0","0"
"242","45","0","200","color-agents-by-vision","500","130","23.01048426206035","666.2","682.5","537.4054054054054","751.48","558","726.5","370.20725872734374","393.53127822166243","1031.0652173913043","0","1154","0","380.2553763035172","0","0","0"
"243","45","0","300","color-agents-by-vision","500","179","35.08233975060164","612.8715083798883","589","634.5471698113207","697.5285714285715","540","668.5","334.2018371052563","450.7025987335507","948.6712328767123","0","1081","0","405.34210704575486","0","0","0"
"240","40","25","1000","color-agents-by-vision","500","454","85.06076133181213","424.7136563876652","318.5","291.4140625","530.1626506024096","138","711.5","270.4375145010541","260.2429239096674","620.0411522633744","0","712","0","244.15180879426177","0","0","0"
"244","45","0","400","color-agents-by-vision","500","222","37.60591501481628","626.2882882882883","582.5","477.859649122807","695.5632183908046","429","639","337.27132139508836","370.99964587049556","940.4333333333333","0","1053","0","334.3493110472232","0","0","0"
"245","45","0","500","color-agents-by-vision","500","260","47.410091794004266","554.7538461538461","532","529.3809523809524","550.5445544554456","472","554","307.86865803306176","388.54509454508565","831.2666666666667","0","996","0","350.3306478464493","0","0","0"
"246","45","0","600","color-agents-by-vision","500","283","45.03351293357524","599.4204946996466","532","463.44776119402985","650.1984126984127","403","550.5","287.377920514881","361.4227003350236","805.4195804195804","0","956","0","333.63149977494066","0","0","0"
"247","45","0","700","color-agents-by-vision","500","319","51.030308283332126","560.5924764890282","527","442.1443298969072","612.8914728682171","421","538","285.2631091674667","321.171883506083","735.0952380952381","0","869","0","321.4833367152514","0","0","0"
"251","45","5","100","color-agents-by-vision","500","60","11.440983818491302","773.5166666666667","817","637.05","831.55","646.5","759","409.98234557625835","588.2732514920704","1156.0454545454545","16.4","1462","18","557.3579235808485","6.024948132556828","0","0"
"248","45","0","800","color-agents-by-vision","500","347","56.7370619734051","531.1844380403459","484","385.6601941747573","603.9457364341085","352","502","300.4911846084888","283.2817256636249","712","0","834","0","303.47463741728984","0","0","0"
"249","45","0","900","color-agents-by-vision","500","395","66.17589416702025","495.2632911392405","405","321.2413793103448","599.5070422535211","250.5","786.5","260.07867106402404","278.6641066718462","667.2972972972973","0","776","0","274.1119629420731","0","0","0"
"252","45","5","200","color-agents-by-vision","500","132","23.03453857707071","680.9469696969697","695.5","513.6153846153846","874.4444444444445","523","785","390.8576679549606","384.0281450123365","988.6326530612245","0","1145","0","448.0960506166411","0","0","0"
"253","45","5","300","color-agents-by-vision","500","195","37.8639821827795","603.276923076923","613","552.204081632653","666.974358974359","495","660.5","392.5333308348815","408.518513604189","971.7368421052631","0","1073.5","0","340.7477803663018","0","0","0"
"250","45","0","1000","color-agents-by-vision","500","463","85.96334892690447","407.67386609071275","269","306.616","448.07471264367814","162","269","259.28987340737564","260.37158894155795","601.0487804878048","0","684","0","227.63459274643043","0","0","0"
"254","45","5","400","color-agents-by-vision","500","230","45.02628681530417","568.6434782608695","570","606.8367346938776","575.34","713","601","315.2682949316592","419.5443950214798","925.3804347826087","0","1043.5","0","298.0728888804266","0","0","0"
"255","45","5","500","color-agents-by-vision","500","259","42.23268056043546","626.3745173745174","568","522.4418604651163","657.0245901639345","649","574.5","356.72413660215295","381.3354191124467","888.9160305343512","0","990","0","285.1337618130491","0","0","0"
"256","45","5","600","color-agents-by-vision","500","281","45.127680142180374","592.7010676156584","519","538.4307692307692","631.421875","635","528","302.0988026101089","365.16053226062934","814.1459854014598","0","961","0","324.743304512466","0","0","0"
"257","45","5","700","color-agents-by-vision","500","301","45.13905809879314","580.2923588039868","482","435.03614457831327","660.5981308411215","356","494","312.0892791972075","289.7395336417932","788.1428571428571","0","914","0","308.12175142081446","0","0","0"
"261","45","10","100","color-agents-by-vision","500","62","10.414581772327711","882.5645161290323","982.5","729.4375","879","677.5","986","473.89970369970337","592.021476444418","1215.8666666666666","7.75","1444","6.5","490.5031008607622","6.701989754294367","0","0"
"258","45","5","800","color-agents-by-vision","500","346","51.52956848311062","540.2369942196532","439.5","438.0925925925926","624.8141592920354","545.5","452","273.29640671974795","271.6098682154426","728.7833333333333","0","841","0","267.89686323211953","0","0","0"
"262","45","10","200","color-agents-by-vision","500","119","20.155713861680024","707.7731092436975","739","580.3793103448276","806.8125","510","834.5","399.02733649580443","410.78641011362896","1168.8","0","1231","0","225.35171370946986","0","0","0"
"259","45","5","900","color-agents-by-vision","500","384","63.018944479491864","482.9765625","397.5","381.96610169491527","558.8776978417267","521","412","268.1662302494701","261.0308288870192","675.0205128205129","0","781","0","260.55323691671316","0","0","0"
"263","45","10","300","color-agents-by-vision","500","177","35.49704438525994","608.819209039548","612","447.4864864864865","710.276923076923","478","707","364.3757692289667","412.3498024922343","951.3611111111111","0","1112.5","0","402.81458026241756","0","0","0"
"260","45","5","1000","color-agents-by-vision","500","442","77.31629867962954","454.2466063348416","529.5","315.0378787878788","547.9875","157","756","259.2702738266047","261.02364979962437","643.2261904761905","0","737.5","0","222.2926188495503","0","0","0"
"264","45","10","400","color-agents-by-vision","500","232","44.32032594844739","578.4181034482758","574.5","593.2142857142857","660.5681818181819","536","609.5","329.5254281420597","398.8046736330942","921.6129032258065","0","1036","0","314.45176696075424","0","0","0"
"265","45","10","500","color-agents-by-vision","500","261","52.08436070789422","539.5095785440614","544","525.0579710144928","536.039603960396","461","553","341.64325580493926","388.76607158526775","832.3693693693693","0","992","0","348.5101779634909","0","0","0"
"266","45","10","600","color-agents-by-vision","500","293","51.933198038220866","565.0648464163822","511","442.9431818181818","595.0083333333333","392.5","523.5","322.5710420889596","375.41111348980155","780.472602739726","0","948.5","0","351.17393657128395","0","0","0"
"267","45","10","700","color-agents-by-vision","500","317","51.22913917565783","568.9652996845426","493","355.11764705882354","673.7416666666667","273.5","518","286.6278607822119","300.1803238400683","766.8050314465409","0","929","0","332.5442671206008","0","0","0"
"271","45","15","100","color-agents-by-vision","500","70","11.383080285254199","745.2","721","733","818.4","676","932","395.55771903845977","490.91759322042367","1116.6190476190477","11","1261","13","488.04174782394136","6.244997998398398","0","0"
"268","45","10","800","color-agents-by-vision","500","362","59.46638002183122","518.7983425414365","432.5","340.05940594059405","626.060606060606","231","459","275.7111467381099","260.81544929114693","709.8704663212435","0","816","0","283.37184568213934","0","0","0"
"269","45","10","900","color-agents-by-vision","500","397","70.02100358155107","471.911838790932","406","323.5126050420168","571.1768707482993","216","673","279.0121152082589","274.872167067706","655.131455399061","0","752","0","276.2888862688871","0","0","0"
"272","45","15","200","color-agents-by-vision","500","117","19.21264469122746","727.3076923076923","740","550.4137931034483","843.3265306122449","534","804","410.34206264333204","418.8907667755353","1129.860465116279","0","1228","0","324.038400237302","0","0","0"
"273","45","15","300","color-agents-by-vision","500","196","39.32058441948984","593.8214285714286","605.5","551.4821428571429","660.2179487179487","536.5","673.5","395.9178055685722","428.47484423381513","956.873417721519","0","1082","0","349.81707186971704","0","0","0"
"270","45","10","1000","color-agents-by-vision","500","433","78.50369042709556","436.8083140877598","340","327.4609929078014","532.2661870503597","192","360","260.04121974713644","270.88279126224074","639.1955555555555","0","729","0","236.8896046718541","0","0","0"
"274","45","15","400","color-agents-by-vision","500","233","42.71462541183213","599.2274678111588","572","512.9830508474577","628.3214285714286","479","605","323.563322775781","416.85512668518027","939.5416666666666","0","1052","0","309.1618181867893","0","0","0"
"275","45","15","500","color-agents-by-vision","500","263","46.98428375700012","571.6882129277567","540","536.5416666666666","565.8383838383838","473.5","555","310.51388290843494","397.98235288204006","879.8828828828829","0","985","0","286.6491278942298","0","0","0"
"276","45","15","600","color-agents-by-vision","500","276","50.151598735299174","547.7608695652174","505","496.7916666666667","511.07339449541286","415","511","310.52104950083265","399.6678414036581","816.483606557377","0","950.5","0","315.37141250945297","0","0","0"
"277","45","15","700","color-agents-by-vision","500","317","48.27604307682107","570.9116719242902","472","416.7083333333333","710.2061855670103","321","922","291.10044989629364","289.63007793506796","784.8544303797469","0","913.5","0","290.7412846468163","0","0","0"
"278","45","15","800","color-agents-by-vision","500","354","53.33832702569532","538.909604519774","422","408.03960396039605","623","295","429","284.9333929462139","264.30641421845013","733.1623036649214","0","843","0","252.8252357551856","0","0","0"
"281","45","20","100","color-agents-by-vision","500","62","11.28160614353989","789.7096774193549","545.5","710.5555555555555","917.4285714285714","597","976","496.1700636134185","563.8925842399832","1284.2916666666667","14.333333333333334","1425","10","403.01639616733974","14.977761292440647","0","0"
"279","45","15","900","color-agents-by-vision","500","371","58.54281363110073","516.8140161725067","422","425.3109243697479","612.2919708029198","543","445","275.70457500059183","280.17728527676536","711.3197969543147","0","801","0","251.90683867530703","0","0","0"
"282","45","20","200","color-agents-by-vision","500","128","24.62989538121881","622.796875","631.5","464.6046511627907","674.8","466","704.5","417.4872760841189","398.50496117568315","1097.5263157894738","0","1167","0","279.5370436064278","0","0","0"
"283","45","20","300","color-agents-by-vision","500","177","34.43125005675058","622.2090395480226","664","545.1428571428571","722.6428571428571","549","718","399.8027638723875","439.45285598047894","934.1756756756756","0","1079","0","413.0415534539766","0","0","0"
"280","45","15","1000","color-agents-by-vision","500","462","85.57031273992938","422.8787878787879","305","302.6258503401361","526.4155844155844","154","727","258.7122538382885","262.3265863870324","609.0671936758894","0","705","0","242.27989403661812","0","0","0"
"284","45","20","400","color-agents-by-vision","500","255","50.925996907928855","550.4274509803921","533","555.016129032258","571.6542056074767","469.5","564","263.1364099234329","422.68178187869194","893.125","0","1022","0","315.19501399079934","0","0","0"
"285","45","20","500","color-agents-by-vision","500","262","48.63049223879986","557.4312977099237","520","499.1034482758621","602.2803738317757","464","541","316.21154864532184","396.4538754582893","845.2280701754386","0","971.5","0","323.67871744284696","0","0","0"
"286","45","20","600","color-agents-by-vision","500","292","51.872084173222284","575.9486301369863","519","451.3414634146341","595.796875","390","523.5","313.10792599563615","401.4615495140088","795.4836601307189","0","956","0","338.4135998063371","0","0","0"
"287","45","20","700","color-agents-by-vision","500","299","41.56904847701212","631.1304347826087","530","438.18518518518516","732.1475409836065","369","953.5","296.1984601205377","283.8599838801671","811.1834319526628","0","943","0","301.1538061555276","0","0","0"
"291","45","25","100","color-agents-by-vision","500","68","10.292923213902947","891.8970588235294","975","665.5909090909091","1031.2222222222222","744.5","1015","429.67536572791784","522.1620838686637","1154.375","5.5","1390","5.5","510.99376613835324","0.7071067811865476","0","0"
"288","45","20","800","color-agents-by-vision","500","370","61.58279561019886","491.31081081081084","419.5","344.24074074074076","567.2340425531914","244","441","268.4555644801962","266.8100886478158","711.6914285714286","0","798","0","260.8973389627279","0","0","0"
"289","45","20","900","color-agents-by-vision","500","409","70.93710813916277","466.0073349633252","374","314.12","559.5","169","394","268.77378664426476","260.8522531226895","673.2464454976304","0","760","0","241.86412148376803","0","0","0"
"292","45","25","200","color-agents-by-vision","500","132","24.64252873563218","715.1136363636364","738","570.5641025641025","788.4081632653061","552","839","430.83406226037727","489.37681112339817","1021.8","0","1165","0","437.71241986034624","0","0","0"
"293","45","25","300","color-agents-by-vision","500","174","33.67175017105632","596.3620689655172","583.5","481.780487804878","710.8548387096774","463","717.5","364.27280382943235","406.809612165167","1032.267857142857","0","1131.5","0","322.80247216984105","0","0","0"
"290","45","20","1000","color-agents-by-vision","500","452","78.20731045161803","440.05973451327435","525","341.7971014492754","528.4038461538462","528","740","260.9918800487692","256.4372973437808","642.2995951417004","0","711","0","193.5087845946085","0","0","0"
"294","45","25","400","color-agents-by-vision","500","241","44.76761535932184","567.8630705394191","563","586.546875","581.5841584158416","522","573","317.2704984653136","390.64572869357556","870.6881720430108","0","1021","0","356.23514396162744","0","0","0"
"295","45","25","500","color-agents-by-vision","500","270","55.3961499457489","522.262962962963","515","449.25757575757575","530.2018348623853","398","533","328.2453262005329","413.81333642599003","806.3826086956522","0","989","0","363.5045930501753","0","0","0"
"296","45","25","600","color-agents-by-vision","500","284","44.622057505179974","593.0880281690141","508.5","497.7027027027027","599.3189655172414","499.5","514","299.7178001364329","375.1246192733921","812.1971830985915","0","946.5","0","308.1803202335328","0","0","0"
"297","45","25","700","color-agents-by-vision","500","318","48.864249662685545","566.3490566037735","516","503.6136363636364","609.6859504132232","621.5","520","278.8533348207402","329.4007446120367","775.0121951219512","0","864.5","0","261.4263843830488","0","0","0"
"301","50","0","100","color-agents-by-vision","500","67","11.215846209814845","779.5074626865671","825","708.7272727272727","741.1","645","509.5","415.10494161610814","423.9687163150048","1169.5217391304348","17.666666666666668","1410","17","484.6879848807344","8.020806277010644","0","0"
"298","45","25","800","color-agents-by-vision","500","371","61.47428335676304","529.1967654986523","424","353.7350427350427","656.1824817518249","240","864","282.6819643796868","283.97305223689244","703.2380952380952","0","844","0","299.9290992393323","0","0","0"
"299","45","25","900","color-agents-by-vision","500","420","73.89431926878521","448.04761904761904","343","313.03418803418805","523.8848484848485","171","356","266.7589293862703","261.0455386415204","652.5399061032864","0","744","0","244.2897957267507","0","0","0"
"302","50","0","200","color-agents-by-vision","500","113","21.702588602736824","668.6902654867257","637","483.5625","719.8157894736842","514","818.5","395.60863175129157","432.65033976724357","996.2093023255813","0","1206","0","489.1606785456247","0","0","0"
"303","50","0","300","color-agents-by-vision","500","166","32.67089441936644","603.2048192771084","575.5","516.7058823529412","658.9206349206349","521","699","394.6858139896922","420.59122372032226","944.3692307692307","0","1094","0","405.99282510712123","0","0","0"
"300","45","25","1000","color-agents-by-vision","500","457","81.05355790136447","444.8446389496718","372","367.82068965517243","524.4697986577181","528","374","259.84380107644364","269.1407136497154","619.3501945525292","0","706","0","243.42164167289573","0","0","0"
"304","50","0","400","color-agents-by-vision","500","233","42.40178192016772","605.9914163090128","544","584.3898305084746","640.6344086021505","491","558","341.86249589812405","427.6476806942592","914.4519230769231","0","1018.5","0","331.93270109243275","0","0","0"
"305","50","0","500","color-agents-by-vision","500","256","47.45316165850567","554.43359375","545.5","526.5076923076923","550.3333333333334","459","556.5","315.64641625742223","374.90465257859074","862.059405940594","0","991","0","324.943374198711","0","0","0"
"306","50","0","600","color-agents-by-vision","500","287","52.62932050153162","561.9024390243902","512","449.74666666666667","573.1615384615385","356","517","306.6689426080841","406.3596338191267","812.5467625899281","0","969","0","334.07931504276524","0","0","0"
"307","50","0","700","color-agents-by-vision","500","330","52.04708180879753","560.6939393939394","474.5","386.6666666666667","675.671875","315.5","700.5","283.1123513885819","286.5899457378634","734.1899441340782","0","875","0","319.43367673258206","0","0","0"
"311","50","5","100","color-agents-by-vision","500","64","11.583846734766885","786.21875","806","671.2","870.1785714285714","617.5","990","512.7943673227064","511.7141891482601","1028.962962962963","8","1349","8","615.967624116815","0","0","0"
"308","50","0","800","color-agents-by-vision","500","351","53.069873394182615","551.5470085470085","530","401.05128205128204","662.3984375","291","868","280.2305961215736","270.006163238019","732.1065989847716","0","839","0","264.022269869122","0","0","0"
"309","50","0","900","color-agents-by-vision","500","383","65.80887968917769","471.75456919060053","385","370.59504132231405","562.0687022900763","265","398","281.73532432978055","256.8274245732305","641.1139896373057","0","792","0","307.26233610497616","0","0","0"
"312","50","5","200","color-agents-by-vision","500","139","23.750664409104555","671.3381294964029","689","538.8285714285714","734.1964285714286","527","768","366.2435292112008","419.44172505162817","1086.0851063829787","0","1145","0","300.0891773099713","0","0","0"
"310","50","0","1000","color-agents-by-vision","500","434","74.71093976270957","453.46774193548384","364.5","377.2700729927007","516.0849673202614","518","359","260.01268361736976","261.402994680235","627.5619834710744","0","713.5","0","244.47008973044746","0","0","0"
"313","50","5","300","color-agents-by-vision","500","180","33.37851837285591","621.5388888888889","636.5","630.1914893617021","618.5538461538462","580","694","396.35396116942","415.0268828178947","939.5555555555555","0","1073","0","380.8512292771819","0","0","0"
"314","50","5","400","color-agents-by-vision","500","235","46.522343143895085","552.8851063829787","549","562.4833333333333","585.8877551020408","500.5","587","304.07835139205605","411.80482522102733","910.7528089887641","0","1022","0","316.78470897221473","0","0","0"
"315","50","5","500","color-agents-by-vision","500","271","52.804433606442075","550.8081180811809","514","476.1194029850746","579.1028037383178","424","548","331.3123822283435","419.6811218635748","818.2892561983471","0","987","0","373.8820544417837","0","0","0"
"316","50","5","600","color-agents-by-vision","500","290","49.88075290228049","550.696551724138","495.5","488.1625","512.0747663551402","495.5","501","308.82842902807596","370.61113987408106","762.948905109489","0","923","0","340.8028436684015","0","0","0"
"317","50","5","700","color-agents-by-vision","500","325","50.40924158379558","554.1507692307692","473","419.4021739130435","620.266129032258","332","503","294.2491677855265","296.63591077089353","749.664596273292","0","873","0","308.33867224408","0","0","0"
"321","50","10","100","color-agents-by-vision","500","68","11.694096419738074","725.3823529411765","750.5","515.2962962962963","814.9130434782609","362","951","401.0899395411702","439.8421114490433","1101.1666666666667","4","1227.5","4","517.1472938432644","0","0","0"
"318","50","5","800","color-agents-by-vision","500","338","52.0827915415685","547.8934911242603","462.5","380.32608695652175","631","286","475.5","291.6450917326959","265.8172490967345","748.1379310344828","0","855.5","0","279.99230676523547","0","0","0"
"319","50","5","900","color-agents-by-vision","500","401","70.01459556252509","470.713216957606","382","318.38655462184875","545.096551724138","221","393","268.7861322732919","265.42440658881924","671.7440758293839","0","752","0","252.55300415004632","0","0","0"
"322","50","10","200","color-agents-by-vision","500","126","23.324065074516326","685.9047619047619","633","495.1666666666667","818.1777777777778","524.5","836","372.5615960578101","485.9719543389725","1038.734693877551","0","1251","0","463.0926282213151","0","0","0"
"320","50","5","1000","color-agents-by-vision","500","426","75.95938327313262","438.0234741784038","315","301.68702290076334","530.1168831168832","155","333","264.20804983862666","261.8802038165655","643.4193548387096","0","729","0","238.34217969896966","0","0","0"
"323","50","10","300","color-agents-by-vision","500","185","37.707255977065834","582.6324324324324","577","518.5438596491229","683.7916666666666","514","652","371.1064571066713","441.2260427203362","929.7101449275362","0","1080","0","416.17523534349556","0","0","0"
"324","50","10","400","color-agents-by-vision","500","247","46.34073846198923","552.7408906882591","554","550.7727272727273","542.8118811881188","487","577","332.0025391679799","394.0537453919524","849.84375","0","1008.5","0","346.75649967345885","0","0","0"
"325","50","10","500","color-agents-by-vision","500","281","51.27422211474991","544.5231316725979","512","497","528.7075471698113","438.5","534","284.4786527950804","404.5668340096516","809.2892561983471","0","960","0","331.57750320793605","0","0","0"
"326","50","10","600","color-agents-by-vision","500","277","50.14071121621274","567.8989169675091","514","439.2328767123288","560.4529914529915","382","522","295.55125145639784","407.0120835223634","833.412213740458","0","975","0","318.73156948777216","0","0","0"
"327","50","10","700","color-agents-by-vision","500","341","49.44651399808641","563.9648093841643","460","441.0769230769231","654.52","543","464","276.40527766404483","271.7665209982346","734.9153439153439","0","851","0","279.2455703138506","0","0","0"
"331","50","15","100","color-agents-by-vision","500","63","10.166383838383842","785.7142857142857","829","677.25","943.6","698.5","997","425.82327381945174","461.7753384037467","1149.05","0","1373","0","506.6755917381041","0","0","0"
"328","50","10","800","color-agents-by-vision","500","360","58.11821675315661","536.35","467","383.3592233009709","609.6870748299319","321","471","273.96156358321406","291.2668315489474","709.9045226130653","0","843","0","297.51953662980253","0","0","0"
"329","50","10","900","color-agents-by-vision","500","408","67.7563650810101","496.6397058823529","533.5","393.61475409836066","567.9798657718121","543","412","272.78743114453584","278.5692080003241","656.4979253112033","0","761","0","268.079063656","0","0","0"
"332","50","15","200","color-agents-by-vision","500","125","22.04616661853886","664.896","663","546.7619047619048","778.4864864864865","558.5","831","368.37949742502315","430.7649282653167","1061.974358974359","0","1213","0","382.88788294249207","0","0","0"
"330","50","10","1000","color-agents-by-vision","500","420","71.63742203848572","465.3547619047619","359.5","355.5785714285714","577.9928057553957","230","776","263.6183492662962","266.26818496523276","652.5043478260869","0","747","0","241.57396451264952","0","0","0"
"333","50","15","300","color-agents-by-vision","500","195","36.78057064643409","606.9589743589744","618","586.12","653.4285714285714","530","686","338.82315175215706","429.28976281857626","923.2631578947369","0","1089.5","0","398.7400947458065","0","0","0"
"334","50","15","400","color-agents-by-vision","500","231","46.529158857898764","549.7575757575758","553","547.4545454545455","536.4074074074074","472.5","563.5","344.8240842061728","396.6617249707451","948.4819277108434","0","1030","0","274.76008876240815","0","0","0"
"335","50","15","500","color-agents-by-vision","500","257","53.84650515992083","531.6342412451362","527","499.7808219178082","525.5463917525773","455","550","337.9241058192794","425.6980057461157","818.3421052631579","0","993","0","371.2015846430971","0","0","0"
"336","50","15","600","color-agents-by-vision","500","274","48.51530454099291","565.1678832116788","511","492.8285714285714","581.1111111111111","411.5","535","285.61618978533915","400.68164364686777","858.3583333333333","0","975","0","287.02589101829466","0","0","0"
"337","50","15","700","color-agents-by-vision","500","305","47.066047134618124","592.3737704918033","516","463.35164835164835","654.2982456140351","391","525","285.55681955032554","342.98171807685026","788.2994011976048","0","909","0","295.35921594800874","0","0","0"
"341","50","20","100","color-agents-by-vision","500","65","12.72444951126312","728.723076923077","836","586.25","652.9130434782609","557","494","392.20575628508806","604.2229354561323","1209.75","12.375","1452","8","442.4354695736341","9.395097505766353","0","0"
"338","50","15","800","color-agents-by-vision","500","368","56.29401438403833","527.0788043478261","501.5","403.2692307692308","608.3053435114504","423.5","794","284.0668672398811","263.2255509321519","718.8811881188119","0","802.5","0","234.59925763768624","0","0","0"
"339","50","15","900","color-agents-by-vision","500","388","64.01580864268595","492.52061855670104","395.5","328.76521739130436","583.9788732394367","244","416","259.5418139058184","264.8702202835337","691.0591133004926","0","786","0","251.53124415338246","0","0","0"
"342","50","20","200","color-agents-by-vision","500","111","19.083856787841704","721.4144144144144","733","560.1851851851852","859.2631578947369","546","870.5","395.98893118145816","435.20996387953767","1040.2558139534883","0","1234","0","462.7613337874357","0","0","0"
"340","50","15","1000","color-agents-by-vision","500","428","78.98886800180642","444.9579439252336","351","292.8796992481203","539.6923076923077","137","388","267.3894854575292","270.6220787811104","651.0358744394618","0","732","0","247.18935107282428","0","0","0"
"343","50","20","300","color-agents-by-vision","500","174","33.47911785297551","615.6609195402299","614.5","504.89130434782606","677.6282051282051","475","674","374.3033367774128","427.3639256048935","953.5652173913044","0","1107","0","397.0907985609718","0","0","0"
"344","50","20","400","color-agents-by-vision","500","246","46.77194114429184","579.6178861788618","547","451.5","673.8396226415094","445","625.5","291.10834072169047","406.7237306597207","876.1037735849056","0","1034.5","0","361.6723307674603","0","0","0"
"345","50","20","500","color-agents-by-vision","500","268","44.41780772793828","624.3097014925373","555.5","530.4861111111111","675.7863247863248","642.5","576","339.03728628946203","393.08472432928704","857.6170212765958","0","1003","0","324.8384798540976","0","0","0"
"346","50","20","600","color-agents-by-vision","500","299","48.604612474266965","601.1036789297659","522","460.61224489795916","659.3916666666667","375","530.5","298.7762198355792","367.9806876516672","794.5147928994082","0","948","0","322.6875627797338","0","0","0"
"347","50","20","700","color-agents-by-vision","500","324","54.43163434601679","567.391975308642","496.5","430.67619047619047","633.2389380530974","413","512","305.7853538035015","345.3465980084429","756.2078651685393","0","900.5","0","322.356413171711","0","0","0"
"351","50","25","100","color-agents-by-vision","500","62","11.62482310829934","775.0322580645161","794.5","469.42105263157896","838.9166666666666","322","999.5","341.3983199511929","506.64857185461284","1115.5238095238096","7.5","1467","6.5","623.9346615670281","4.654746681256314","0","0"
"348","50","20","800","color-agents-by-vision","500","364","56.40758672221257","536.7967032967033","451","404.327731092437","633.1653543307086","532","455","264.96658277447233","281.3605201200316","718.035175879397","0","821","0","270.68490341765727","0","0","0"
"349","50","20","900","color-agents-by-vision","500","381","64.05456629689415","510.58792650918633","432","335.3255813953488","658.7445255474453","239","823","263.2132916830087","256.28353522879456","702.6521739130435","0","814","0","273.9443901874139","0","0","0"
"352","50","25","200","color-agents-by-vision","500","125","24.000544285007436","646.72","653","544.6842105263158","765.531914893617","552.5","816","446.36877889362006","422.841827301674","1007.2666666666667","0","1154","0","436.3478283121475","0","0","0"
"353","50","25","300","color-agents-by-vision","500","186","39.962596814401785","565.0430107526881","546","529.8541666666666","647.9090909090909","526.5","660","388.9132698579867","468.3753606552116","922.5753424657535","0","1102","0","423.325587783742","0","0","0"
"350","50","20","1000","color-agents-by-vision","500","438","78.7376989599034","427.16438356164383","307","308.9453125","501.38666666666666","153.5","319","264.36804185199367","255.75008214860006","638.7110091743119","0","722","0","227.6321795946155","0","0","0"
"354","50","25","400","color-agents-by-vision","500","243","53.50499801326055","528.1934156378601","526","485","549.3723404255319","449","581","333.44120921085926","430.8021022113662","899.09","0","1029","0","319.89967161438267","0","0","0"
"355","50","25","500","color-agents-by-vision","500","267","55.72585244618116","521.4119850187266","521","562.8666666666667","512.8974358974359","483","537","325.3511754817975","411.8801797772851","816.7982456140351","0","980.5","0","355.9341984485525","0","0","0"
"356","50","25","600","color-agents-by-vision","500","295","52.40402624348115","544.0576271186441","498","430.80645161290323","626.4375","353","534.5","297.2209417567911","366.5604513224036","798.3435114503817","0","934","0","317.74841937493125","0","0","0"
"357","50","25","700","color-agents-by-vision","500","301","44.73534111725438","596.6810631229235","499","454.59139784946234","668.9655172413793","387","518.5","302.76821514008316","323.6735051421949","817.0522875816994","0","932","0","271.90719660172937","0","0","0"
"358","50","25","800","color-agents-by-vision","500","355","58.02657230394724","536.9352112676056","482","401.6694214876033","653.2380952380952","349","836","288.7769724322951","279.1569143996667","726.7886597938144","0","842.5","0","284.1480524755636","0","0","0"
"359","50","25","900","color-agents-by-vision","500","387","62.89805968876793","515.2480620155038","426","375.84375","635.0381679389313","272","840","273.0802552133742","271.984682956176","697.1330275229358","0","807.5","0","263.6490924947027","0","0","0"
"360","50","25","1000","color-agents-by-vision","500","431","70.15503872060675","460.1948955916473","358","372.2096774193548","517.5714285714286","548.5","346.5","256.2015617258985","254.94753675726977","643.0847457627119","0","716.5","0","217.6162766233823","0","0","0"
