maximum-sugar-endowment,minimum-sugar-endowment,initial-population,(mean) count turtles,(mean) gini-index-reserve
25,0,100,67,10.57718834
25,0,120,79,10.90654811
25,0,140,86,13.32716849
25,0,160,98,14.6492613
25,0,180,111,20.04895115
25,0,200,123,23.43249397
25,0,220,132,24.64878744
25,0,240,147,27.25782767
25,0,260,144,26.85194609
25,0,280,166,31.43992045
25,0,300,170,29.49248049
25,0,320,189,33.24309807
25,0,340,191,36.23998023
25,0,360,206,37.85444248
25,0,380,222,43.15804185
25,0,400,218,40.32348845
25,0,420,234,44.43349526
25,0,440,241,48.45667532
25,0,460,233,41.18533344
25,0,480,253,49.25651877
25,0,500,262,46.99974961
25,0,520,261,47.03086718
25,0,540,272,49.13444452
25,0,560,274,46.70751249
25,0,580,266,45.58124721
25,0,600,279,47.69912427
25,0,620,284,48.07171911
25,0,640,292,45.91857312
25,0,660,291,45.37857054
25,0,680,295,40.83617474
25,0,700,313,44.19430094
25,0,720,309,46.5732941
25,0,740,317,52.44459555
25,0,760,321,52.83719848
25,0,780,346,53.38548695
25,0,800,344,53.56987097
25,0,820,341,49.47092758
25,0,840,350,57.08221275
25,0,860,380,60.99640414
25,0,880,396,66.14710368
25,0,900,350,58.83769639
25,0,920,398,65.76907633
25,0,940,428,76.80604524
25,0,960,390,65.57650344
25,0,980,422,68.13125675
25,0,1000,449,80.77787988
25,5,100,63,8.431209951
25,5,120,70,12.04026479
25,5,140,93,15.7592701
25,5,160,99,17.18395826
25,5,180,113,19.81831618
25,5,200,127,22.42705099
25,5,220,135,24.86071899
25,5,240,141,26.80956356
25,5,260,152,28.8576863
25,5,280,168,30.48932972
25,5,300,188,36.27770646
25,5,320,207,37.28533137
25,5,340,200,38.63380076
25,5,360,198,39.88781115
25,5,380,209,40.64130408
25,5,400,226,45.91665834
25,5,420,231,50.42951023
25,5,440,255,51.40059805
25,5,460,258,49.40306233
25,5,480,252,47.58615814
25,5,500,265,48.37240666
25,5,520,258,46.3404682
25,5,540,270,50.70034747
25,5,560,271,46.92130195
25,5,580,280,47.86565525
25,5,600,286,41.39267054
25,5,620,287,53.39146038
25,5,640,318,47.64480268
25,5,660,291,43.19323436
25,5,680,311,44.33973637
25,5,700,319,50.65075629
25,5,720,331,49.6751548
25,5,740,321,47.66399309
25,5,760,349,55.41066046
25,5,780,346,56.91768861
25,5,800,351,58.52624967
25,5,820,393,71.7318571
25,5,840,351,51.18479151
25,5,860,402,69.61270096
25,5,880,380,60.96145186
25,5,900,403,71.19851411
25,5,920,393,66.79872928
25,5,940,419,77.79234792
25,5,960,416,74.77685576
25,5,980,426,75.45376809
25,5,1000,455,80.10192092
25,10,100,61,8.53124486
25,10,120,78,11.96123681
25,10,140,86,13.04479525
25,10,160,86,13.78825279
25,10,180,117,21.27264849
25,10,200,128,20.93606752
25,10,220,123,20.83775276
25,10,240,146,28.07784603
25,10,260,145,27.13748424
25,10,280,169,31.65485458
25,10,300,177,34.7426394
25,10,320,196,39.55230369
25,10,340,208,41.75487385
25,10,360,205,41.37396309
25,10,380,226,43.57115404
25,10,400,217,42.75628574
25,10,420,249,46.59190684
25,10,440,245,46.14322724
25,10,460,247,49.09267438
25,10,480,250,49.18378149
25,10,500,275,53.2378553
25,10,520,263,45.03026622
25,10,540,262,45.23619378
25,10,560,272,45.11704529
25,10,580,280,49.24010455
25,10,600,290,45.28372463
25,10,620,293,42.32877591
25,10,640,296,48.4795209
25,10,660,312,51.57496545
25,10,680,309,47.33869145
25,10,700,323,53.50704707
25,10,720,335,47.99381825
25,10,740,343,54.9573859
25,10,760,323,53.46452821
25,10,780,347,52.80349336
25,10,800,348,56.58206655
25,10,820,357,55.2231017
25,10,840,355,58.9881837
25,10,860,366,63.19083733
25,10,880,377,62.29236803
25,10,900,394,66.71790598
25,10,920,405,70.92663437
25,10,940,426,75.34337368
25,10,960,435,78.85594358
25,10,980,435,80.72918301
25,10,1000,464,83.7098469
25,15,100,61,9.028083903
25,15,120,77,11.58664889
25,15,140,89,15.71137082
25,15,160,95,15.71973154
25,15,180,118,21.01391921
25,15,200,126,23.89589919
25,15,220,135,24.28428347
25,15,240,154,27.8131788
25,15,260,162,31.79329841
25,15,280,171,30.96970059
25,15,300,175,33.02297006
25,15,320,190,34.15609478
25,15,340,212,42.44850015
25,15,360,209,39.99908506
25,15,380,214,40.34912199
25,15,400,238,46.28974998
25,15,420,232,43.35553493
25,15,440,236,45.91213686
25,15,460,257,52.77305414
25,15,480,254,48.18715273
25,15,500,272,53.13603724
25,15,520,262,48.22429036
25,15,540,264,54.04828779
25,15,560,272,46.9003218
25,15,580,295,45.24049174
25,15,600,286,48.60682491
25,15,620,297,53.04870727
25,15,640,288,49.36886687
25,15,660,306,40.66204756
25,15,680,308,47.64780982
25,15,700,311,44.55503756
25,15,720,337,55.37954837
25,15,740,315,50.67272624
25,15,760,352,56.55162125
25,15,780,341,51.2403283
25,15,800,350,56.23243962
25,15,820,349,54.28813878
25,15,840,370,63.71038057
25,15,860,388,67.87417165
25,15,880,362,62.31568277
25,15,900,379,64.84624075
25,15,920,416,69.62136169
25,15,940,406,71.23741381
25,15,960,397,68.57185693
25,15,980,428,78.62799018
25,15,1000,446,85.74209552
25,20,100,63,8.731478229
25,20,120,76,11.5589891
25,20,140,85,13.05416619
25,20,160,106,20.34154503
25,20,180,116,19.4838807
25,20,200,128,26.42773952
25,20,220,138,22.11926806
25,20,240,145,30.34072337
25,20,260,142,28.74766291
25,20,280,171,28.97835243
25,20,300,186,32.00728581
25,20,320,204,40.58289593
25,20,340,210,41.21892672
25,20,360,204,40.92935652
25,20,380,220,43.95769637
25,20,400,235,44.21019455
25,20,420,237,43.10619507
25,20,440,250,48.75114804
25,20,460,261,50.89173993
25,20,480,260,47.09743228
25,20,500,274,46.20931979
25,20,520,273,45.53845695
25,20,540,269,48.96009822
25,20,560,278,50.75169323
25,20,580,285,48.02958969
25,20,600,270,41.69514894
25,20,620,278,43.39437501
25,20,640,301,51.71142936
25,20,660,299,47.33733924
25,20,680,305,45.39914729
25,20,700,316,50.04281688
25,20,720,342,52.65468126
25,20,740,318,50.07709568
25,20,760,344,52.02403533
25,20,780,344,51.89845196
25,20,800,349,56.11988083
25,20,820,361,60.09892261
25,20,840,389,68.26637072
25,20,860,400,69.95212852
25,20,880,376,62.3490564
25,20,900,407,71.97465758
25,20,920,418,73.61492648
25,20,940,424,71.39191033
25,20,960,437,79.47040711
25,20,980,429,79.03335963
25,20,1000,441,81.03897823
25,25,100,64,7.580962313
25,25,120,77,10.6339211
25,25,140,92,14.90204777
25,25,160,94,17.30508475
25,25,180,116,20.89321571
25,25,200,126,24.45178975
25,25,220,143,27.52995646
25,25,240,150,25.52492453
25,25,260,158,29.25832453
25,25,280,160,31.07280785
25,25,300,185,36.71495596
25,25,320,203,38.47373467
25,25,340,197,37.97268829
25,25,360,213,46.63210672
25,25,380,231,49.76529215
25,25,400,229,46.19240855
25,25,420,224,40.25940537
25,25,440,245,49.89884992
25,25,460,256,50.93807997
25,25,480,259,50.26163806
25,25,500,267,52.76772376
25,25,520,273,46.99434751
25,25,540,271,48.43486751
25,25,560,282,49.4267198
25,25,580,279,40.6053165
25,25,600,281,46.67768352
25,25,620,301,45.86997794
25,25,640,292,48.99726918
25,25,660,315,50.89426854
25,25,680,324,53.72524901
25,25,700,315,45.26348182
25,25,720,328,47.52792879
25,25,740,318,46.90732661
25,25,760,326,47.51586102
25,25,780,369,58.81836449
25,25,800,333,49.31655097
25,25,820,370,59.28152001
25,25,840,361,60.57676441
25,25,860,355,55.61340933
25,25,880,397,66.69187569
25,25,900,405,67.43448571
25,25,920,394,67.72691695
25,25,940,429,78.50550038
25,25,960,383,60.17206278
25,25,980,443,81.30728831
25,25,1000,447,82.76268412
30,0,100,66,11.37203035
30,0,120,77,11.13356615
30,0,140,85,14.1966347
30,0,160,91,15.69102864
30,0,180,117,19.98186449
30,0,200,114,20.45694801
30,0,220,133,23.51563698
30,0,240,139,26.3208294
30,0,260,154,26.06738246
30,0,280,165,29.58643998
30,0,300,161,29.89310905
30,0,320,190,33.99842858
30,0,340,202,40.24796088
30,0,360,221,38.64607167
30,0,380,219,43.65571373
30,0,400,229,45.02796178
30,0,420,231,42.04263537
30,0,440,226,39.14666511
30,0,460,248,45.64396123
30,0,480,245,43.42544063
30,0,500,252,45.94844433
30,0,520,267,50.86860209
30,0,540,269,41.54631713
30,0,560,283,47.03676591
30,0,580,298,48.98713976
30,0,600,277,42.80005451
30,0,620,278,49.37624398
30,0,640,297,45.33324957
30,0,660,318,48.25904774
30,0,680,312,43.33920278
30,0,700,330,45.27276007
30,0,720,329,49.51535343
30,0,740,309,47.1371379
30,0,760,333,49.62162419
30,0,780,349,55.69829895
30,0,800,342,51.43128285
30,0,820,358,56.22585244
30,0,840,346,55.65729311
30,0,860,379,58.74374207
30,0,880,377,64.70989752
30,0,900,400,67.47489518
30,0,920,405,70.90063009
30,0,940,421,74.28992684
30,0,960,426,77.27293278
30,0,980,445,82.7163343
30,0,1000,413,74.27629095
30,5,100,59,10.4681901
30,5,120,78,11.55745773
30,5,140,90,15.08745382
30,5,160,103,17.01872795
30,5,180,104,17.46039489
30,5,200,117,20.58039602
30,5,220,134,25.25344004
30,5,240,148,24.93198961
30,5,260,158,26.03057612
30,5,280,154,31.4038635
30,5,300,184,31.41462142
30,5,320,182,35.26283353
30,5,340,184,34.81048332
30,5,360,213,43.90448131
30,5,380,225,41.31403568
30,5,400,232,43.09807615
30,5,420,233,44.31776226
30,5,440,245,52.47598021
30,5,460,250,49.21979564
30,5,480,257,47.94640009
30,5,500,263,46.53880295
30,5,520,270,53.76682066
30,5,540,270,51.76705656
30,5,560,277,47.55372333
30,5,580,281,49.4581347
30,5,600,285,46.32398678
30,5,620,289,46.17438189
30,5,640,312,48.45781597
30,5,660,319,49.68121249
30,5,680,329,55.95192164
30,5,700,335,52.77888605
30,5,720,318,50.75514223
30,5,740,324,51.24250425
30,5,760,324,52.50090713
30,5,780,349,59.07845189
30,5,800,337,53.20295594
30,5,820,383,66.34587286
30,5,840,355,60.08592455
30,5,860,367,62.96032324
30,5,880,398,69.62029333
30,5,900,403,67.93652369
30,5,920,402,72.59900974
30,5,940,396,66.0008652
30,5,960,400,71.16958089
30,5,980,437,81.23173199
30,5,1000,441,78.01173657
30,10,100,56,7.219547415
30,10,120,71,12.53434294
30,10,140,87,13.76788993
30,10,160,99,18.43187392
30,10,180,110,19.79377994
30,10,200,137,23.89483007
30,10,220,141,26.7642605
30,10,240,151,26.27647633
30,10,260,156,32.48515235
30,10,280,155,31.61288396
30,10,300,186,33.53429899
30,10,320,191,36.96909315
30,10,340,212,39.98173877
30,10,360,210,42.4275179
30,10,380,231,45.78069152
30,10,400,229,44.59130254
30,10,420,234,42.92090323
30,10,440,243,48.52508691
30,10,460,259,48.6694594
30,10,480,253,47.15250215
30,10,500,262,49.77509467
30,10,520,266,51.88332507
30,10,540,275,46.16130498
30,10,560,293,44.10795956
30,10,580,270,43.55457748
30,10,600,279,47.0762444
30,10,620,286,43.359374
30,10,640,292,45.93749674
30,10,660,288,44.31426084
30,10,680,316,47.96824497
30,10,700,335,55.98981553
30,10,720,322,49.22032668
30,10,740,317,43.08579876
30,10,760,333,50.29311269
30,10,780,333,51.43948095
30,10,800,363,61.06054279
30,10,820,377,63.06326959
30,10,840,353,57.77497842
30,10,860,366,55.21295155
30,10,880,402,71.85577844
30,10,900,413,71.93939204
30,10,920,375,62.88349993
30,10,940,409,70.65053574
30,10,960,405,68.41721426
30,10,980,453,81.86297011
30,10,1000,458,85.74953075
30,15,100,63,8.923239671
30,15,120,80,12.94438046
30,15,140,93,15.70193104
30,15,160,105,17.44513128
30,15,180,117,22.58354649
30,15,200,136,26.66631934
30,15,220,134,26.33059365
30,15,240,149,27.97358875
30,15,260,173,31.64645152
30,15,280,162,31.34844454
30,15,300,186,36.25952744
30,15,320,194,36.42185783
30,15,340,194,39.79156772
30,15,360,203,37.9613812
30,15,380,222,42.20688389
30,15,400,237,47.78271442
30,15,420,242,46.86399847
30,15,440,240,49.22299932
30,15,460,256,49.41068122
30,15,480,250,45.73448221
30,15,500,268,49.07960653
30,15,520,266,48.63498311
30,15,540,268,42.64968332
30,15,560,274,48.1672796
30,15,580,280,44.53794863
30,15,600,294,46.88849856
30,15,620,289,41.62004481
30,15,640,286,45.2338548
30,15,660,288,45.32213941
30,15,680,315,43.30026558
30,15,700,317,44.82258858
30,15,720,324,51.5602002
30,15,740,328,52.59768404
30,15,760,334,51.46086169
30,15,780,362,59.45109924
30,15,800,340,51.46188477
30,15,820,359,55.84223977
30,15,840,373,62.15275526
30,15,860,392,65.41484728
30,15,880,387,68.00007909
30,15,900,395,68.88692027
30,15,920,404,68.34421438
30,15,940,409,72.92397344
30,15,960,419,76.52105704
30,15,980,435,79.72801047
30,15,1000,447,85.95828902
30,20,100,63,9.254354074
30,20,120,75,11.51005428
30,20,140,98,15.01725765
30,20,160,99,17.75519797
30,20,180,110,18.82023682
30,20,200,117,19.54408829
30,20,220,147,29.82561874
30,20,240,156,29.06336782
30,20,260,165,30.00797059
30,20,280,179,32.66294585
30,20,300,182,33.544918
30,20,320,180,34.01844404
30,20,340,214,45.47648731
30,20,360,206,40.38692472
30,20,380,232,46.70344939
30,20,400,231,44.6614904
30,20,420,243,50.62068325
30,20,440,238,49.69144298
30,20,460,250,49.67815029
30,20,480,262,51.24753368
30,20,500,260,47.90355971
30,20,520,273,55.76888831
30,20,540,280,46.11169679
30,20,560,275,48.43607042
30,20,580,267,45.05931546
30,20,600,288,52.04222353
30,20,620,297,51.21064558
30,20,640,299,47.77893603
30,20,660,287,53.29862022
30,20,680,326,53.59340764
30,20,700,309,45.17853325
30,20,720,323,47.69848021
30,20,740,332,50.69072624
30,20,760,342,51.88347757
30,20,780,360,55.81393462
30,20,800,360,55.87153524
30,20,820,380,62.98123378
30,20,840,394,65.2402035
30,20,860,411,72.49374646
30,20,880,383,64.32636158
30,20,900,405,69.08067345
30,20,920,402,68.25269911
30,20,940,400,69.92713022
30,20,960,411,69.45557161
30,20,980,448,88.41062871
30,20,1000,412,72.14181459
30,25,100,63,9.036086169
30,25,120,78,12.92717886
30,25,140,95,15.52176629
30,25,160,99,17.7231464
30,25,180,112,18.48135421
30,25,200,124,20.70319436
30,25,220,125,23.83827671
30,25,240,141,23.83460261
30,25,260,158,29.79873899
30,25,280,168,30.93393248
30,25,300,186,34.5510039
30,25,320,190,37.34406367
30,25,340,205,36.70253372
30,25,360,211,40.74306482
30,25,380,228,42.89065998
30,25,400,206,36.08106019
30,25,420,252,53.82611077
30,25,440,251,47.03631227
30,25,460,250,47.65965574
30,25,480,251,46.2702935
30,25,500,268,53.71881206
30,25,520,282,55.61430522
30,25,540,276,50.57252767
30,25,560,280,51.13877029
30,25,580,276,49.8622378
30,25,600,289,46.73822824
30,25,620,288,44.45307286
30,25,640,291,44.5355685
30,25,660,315,47.71145612
30,25,680,297,44.18227524
30,25,700,312,46.2770975
30,25,720,328,50.26514731
30,25,740,326,49.41573453
30,25,760,322,47.50497434
30,25,780,325,50.30224534
30,25,800,364,58.96198234
30,25,820,375,63.2114887
30,25,840,371,63.67540523
30,25,860,392,69.83488853
30,25,880,390,68.99142066
30,25,900,416,73.05219826
30,25,920,406,69.17530759
30,25,940,421,72.09849627
30,25,960,400,68.06913085
30,25,980,448,81.93314765
30,25,1000,437,82.36606794
35,0,100,65,13.06986144
35,0,120,63,8.126564966
35,0,140,81,11.75301266
35,0,160,95,17.79394337
35,0,180,104,17.04428094
35,0,200,123,20.6136413
35,0,220,141,24.34755916
35,0,240,145,26.93493607
35,0,260,143,24.92455502
35,0,280,154,29.10047421
35,0,300,159,29.08651007
35,0,320,181,32.99296968
35,0,340,194,35.91373689
35,0,360,190,36.35243394
35,0,380,216,42.932271
35,0,400,226,45.40570363
35,0,420,242,47.0653412
35,0,440,238,49.10111005
35,0,460,256,49.55584729
35,0,480,244,46.20479793
35,0,500,260,48.91249229
35,0,520,261,42.27846555
35,0,540,267,47.54941188
35,0,560,267,46.68720731
35,0,580,278,42.0421577
35,0,600,281,46.00641361
35,0,620,287,48.04964633
35,0,640,307,43.81553166
35,0,660,311,50.08584006
35,0,680,304,41.05027931
35,0,700,309,49.28742491
35,0,720,304,50.05130181
35,0,740,333,52.54451607
35,0,760,351,54.44047319
35,0,780,325,49.45206792
35,0,800,356,60.35852962
35,0,820,357,60.78582147
35,0,840,363,61.71489566
35,0,860,370,59.28917736
35,0,880,380,59.94216625
35,0,900,416,75.56850248
35,0,920,393,66.67036095
35,0,940,386,65.36494995
35,0,960,415,71.53241741
35,0,980,434,82.75490688
35,0,1000,437,79.36067888
35,5,100,60,9.288745052
35,5,120,73,10.74309809
35,5,140,91,13.94453489
35,5,160,104,19.61758089
35,5,180,107,16.69186779
35,5,200,123,22.49465204
35,5,220,137,25.61071199
35,5,240,143,29.15102083
35,5,260,163,32.53173203
35,5,280,171,31.34810157
35,5,300,180,32.29506819
35,5,320,198,40.65726021
35,5,340,208,38.3323317
35,5,360,224,48.70493202
35,5,380,211,39.16843697
35,5,400,229,43.72804906
35,5,420,234,49.20379765
35,5,440,252,53.22217216
35,5,460,249,49.57248672
35,5,480,257,53.34309388
35,5,500,265,51.45393414
35,5,520,268,48.74012203
35,5,540,264,46.06960211
35,5,560,273,44.15654233
35,5,580,287,50.54395146
35,5,600,287,46.95917222
35,5,620,291,47.51067257
35,5,640,287,42.31287975
35,5,660,287,39.43998259
35,5,680,301,44.62256586
35,5,700,312,51.90375462
35,5,720,334,51.79979889
35,5,740,356,58.31352663
35,5,760,314,48.45440699
35,5,780,365,59.80033554
35,5,800,357,54.23156735
35,5,820,353,58.68600523
35,5,840,381,65.78458607
35,5,860,371,58.40970609
35,5,880,368,61.83877672
35,5,900,394,67.70862607
35,5,920,425,75.9682498
35,5,940,411,69.84238595
35,5,960,425,76.70427752
35,5,980,448,80.27473129
35,5,1000,447,82.03309926
35,10,100,64,10.37572193
35,10,120,65,10.02932739
35,10,140,85,13.2798706
35,10,160,104,17.9806849
35,10,180,117,21.2007037
35,10,200,119,21.24340812
35,10,220,129,23.94777105
35,10,240,148,27.46534864
35,10,260,162,29.1629207
35,10,280,171,28.66859217
35,10,300,187,34.43324071
35,10,320,181,36.41787731
35,10,340,207,42.06941602
35,10,360,222,44.37060946
35,10,380,221,42.30119955
35,10,400,232,46.42152722
35,10,420,245,47.6981205
35,10,440,247,47.9386863
35,10,460,244,49.29855787
35,10,480,263,50.22342828
35,10,500,251,47.90906179
35,10,520,269,46.68845379
35,10,540,272,45.62828208
35,10,560,280,47.69401008
35,10,580,278,44.92139379
35,10,600,291,50.88707862
35,10,620,286,45.99468405
35,10,640,301,49.9603031
35,10,660,299,44.51739659
35,10,680,313,49.47082113
35,10,700,317,43.50273338
35,10,720,324,50.65409402
35,10,740,342,52.22404338
35,10,760,335,50.40970727
35,10,780,315,47.93965403
35,10,800,373,62.95494279
35,10,820,351,56.32725926
35,10,840,371,61.69453637
35,10,860,400,70.87511144
35,10,880,397,69.03507887
35,10,900,388,64.12564533
35,10,920,400,66.63019753
35,10,940,424,76.84775217
35,10,960,428,76.94081993
35,10,980,439,81.59264258
35,10,1000,426,77.48399303
35,15,100,61,10.17100042
35,15,120,77,12.81531914
35,15,140,105,18.08871125
35,15,160,107,18.31911127
35,15,180,108,19.14327655
35,15,200,131,24.06825826
35,15,220,139,25.96228474
35,15,240,159,29.76252562
35,15,260,150,26.65398896
35,15,280,166,34.33257723
35,15,300,174,34.39753386
35,15,320,201,42.53426101
35,15,340,219,46.78706817
35,15,360,222,46.50615059
35,15,380,215,41.85932174
35,15,400,240,48.03661125
35,15,420,253,46.81575852
35,15,440,249,50.06937588
35,15,460,255,46.05764335
35,15,480,260,45.41917333
35,15,500,272,51.52677749
35,15,520,265,52.64380436
35,15,540,265,51.52222435
35,15,560,273,51.93212318
35,15,580,278,45.93695905
35,15,600,277,42.01223543
35,15,620,309,51.98788812
35,15,640,319,52.49465111
35,15,660,322,56.5318123
35,15,680,329,52.34104321
35,15,700,322,51.44310985
35,15,720,321,48.66925955
35,15,740,322,50.33337828
35,15,760,330,46.97825045
35,15,780,341,51.03248307
35,15,800,369,57.3792593
35,15,820,348,53.14953071
35,15,840,367,61.4413897
35,15,860,367,62.15643899
35,15,880,369,61.158245
35,15,900,392,67.04337719
35,15,920,403,69.74765144
35,15,940,396,66.17024024
35,15,960,438,79.93269308
35,15,980,444,81.5337161
35,15,1000,456,82.93222135
35,20,100,68,11.20379856
35,20,120,74,12.52892008
35,20,140,80,12.36071774
35,20,160,98,15.99719994
35,20,180,121,23.26682354
35,20,200,130,26.375202
35,20,220,153,28.09406634
35,20,240,132,25.03139486
35,20,260,160,32.12469371
35,20,280,170,32.39053157
35,20,300,180,30.78189819
35,20,320,202,39.63486726
35,20,340,202,39.77284157
35,20,360,194,36.99854186
35,20,380,226,41.13335419
35,20,400,237,44.61638841
35,20,420,229,46.44446848
35,20,440,252,47.99511151
35,20,460,253,50.16498703
35,20,480,254,50.02495146
35,20,500,258,46.79476618
35,20,520,273,47.77529387
35,20,540,269,44.38233937
35,20,560,275,49.99531748
35,20,580,290,46.25845251
35,20,600,291,47.91008084
35,20,620,277,41.25418592
35,20,640,290,43.70275786
35,20,660,314,45.88059677
35,20,680,310,41.72711719
35,20,700,321,52.72751973
35,20,720,325,52.20183192
35,20,740,332,49.56832638
35,20,760,317,50.02647436
35,20,780,329,50.18281675
35,20,800,351,57.834656
35,20,820,355,56.96726581
35,20,840,382,64.49276311
35,20,860,392,64.52910979
35,20,880,404,66.85853427
35,20,900,409,69.36814791
35,20,920,407,68.77080008
35,20,940,408,69.81893012
35,20,960,419,73.24214632
35,20,980,417,75.26384348
35,20,1000,448,85.19514259
35,25,100,65,10.09487673
35,25,120,73,13.02788191
35,25,140,90,13.57289498
35,25,160,93,17.08775874
35,25,180,109,18.67898099
35,25,200,128,24.99567606
35,25,220,142,27.45088866
35,25,240,146,27.27122251
35,25,260,146,27.54871345
35,25,280,185,37.5355439
35,25,300,184,38.31293066
35,25,320,179,35.48644496
35,25,340,203,38.6424179
35,25,360,213,40.67521701
35,25,380,236,48.65143627
35,25,400,225,44.40254611
35,25,420,233,42.1865901
35,25,440,250,52.05854247
35,25,460,260,41.17136812
35,25,480,264,49.21095697
35,25,500,265,50.67837618
35,25,520,268,52.44051837
35,25,540,272,47.49740784
35,25,560,284,49.08985557
35,25,580,286,52.43793416
35,25,600,276,49.60621054
35,25,620,296,42.60660813
35,25,640,291,46.81332876
35,25,660,312,47.58892891
35,25,680,311,45.38328644
35,25,700,302,45.3788319
35,25,720,328,48.82569299
35,25,740,319,44.87666043
35,25,760,346,52.27402611
35,25,780,341,57.55567811
35,25,800,356,56.74345522
35,25,820,337,52.65003088
35,25,840,354,54.33522789
35,25,860,372,63.58664963
35,25,880,391,64.55299561
35,25,900,399,71.35686371
35,25,920,385,65.56257024
35,25,940,393,59.7445732
35,25,960,416,74.66101217
35,25,980,449,83.14035797
35,25,1000,464,89.99317845
40,0,100,68,9.306572657
40,0,120,78,12.47777848
40,0,140,83,11.59964243
40,0,160,101,18.69985094
40,0,180,107,19.8721123
40,0,200,129,24.47863131
40,0,220,137,26.37980565
40,0,240,140,24.94542188
40,0,260,156,28.73988745
40,0,280,161,29.5790318
40,0,300,177,34.07531319
40,0,320,174,31.41549864
40,0,340,211,39.27566055
40,0,360,210,44.17154724
40,0,380,206,37.26560676
40,0,400,225,43.71572638
40,0,420,228,44.84344584
40,0,440,245,47.87345444
40,0,460,264,52.93067778
40,0,480,263,50.14041094
40,0,500,256,43.70405988
40,0,520,270,52.76017131
40,0,540,275,52.83652954
40,0,560,281,45.96902956
40,0,580,274,42.48954897
40,0,600,291,53.037807
40,0,620,300,48.88643854
40,0,640,298,50.82499409
40,0,660,289,42.21537728
40,0,680,293,40.27496232
40,0,700,307,48.87269241
40,0,720,302,44.20703136
40,0,740,318,53.03183521
40,0,760,323,51.61719285
40,0,780,333,51.19972161
40,0,800,348,54.39457017
40,0,820,355,56.74805159
40,0,840,355,58.34102213
40,0,860,395,63.50387885
40,0,880,371,61.545211
40,0,900,380,63.94030718
40,0,920,399,68.73575984
40,0,940,392,66.6841162
40,0,960,435,80.31983989
40,0,980,449,81.63930772
40,0,1000,430,79.36818709
40,5,100,69,10.58389139
40,5,120,72,11.67188682
40,5,140,87,13.81230397
40,5,160,101,15.86342967
40,5,180,110,19.28157132
40,5,200,126,21.66628231
40,5,220,149,29.72304432
40,5,240,153,25.97533087
40,5,260,147,28.13793285
40,5,280,167,33.02316322
40,5,300,181,30.71241725
40,5,320,197,34.26314155
40,5,340,194,39.30970392
40,5,360,215,43.39707582
40,5,380,218,43.93720159
40,5,400,232,45.46700749
40,5,420,242,49.01246039
40,5,440,253,51.29151579
40,5,460,241,51.93465178
40,5,480,270,48.24280069
40,5,500,267,48.15594128
40,5,520,268,46.1218094
40,5,540,290,54.76066542
40,5,560,282,44.9462649
40,5,580,277,46.78827722
40,5,600,289,44.75200611
40,5,620,295,53.66244808
40,5,640,304,46.06200497
40,5,660,298,49.92742238
40,5,680,297,44.14091056
40,5,700,322,51.51141072
40,5,720,317,51.77493629
40,5,740,341,57.93819853
40,5,760,331,49.004174
40,5,780,346,53.6981726
40,5,800,339,53.91744147
40,5,820,368,62.7917641
40,5,840,339,56.0892914
40,5,860,372,63.763954
40,5,880,408,68.18100358
40,5,900,416,74.59778372
40,5,920,421,72.69766288
40,5,940,421,73.54389093
40,5,960,395,68.63779031
40,5,980,432,79.07174363
40,5,1000,429,75.82902437
40,10,100,69,11.43766813
40,10,120,72,12.38598298
40,10,140,91,15.77288582
40,10,160,100,17.43066469
40,10,180,120,21.34343636
40,10,200,128,24.24647187
40,10,220,145,26.8706541
40,10,240,164,29.83450674
40,10,260,175,29.91288154
40,10,280,186,37.49972973
40,10,300,180,32.69382976
40,10,320,199,43.020302
40,10,340,190,35.00313823
40,10,360,221,45.01040602
40,10,380,228,44.68132081
40,10,400,235,42.79800208
40,10,420,248,50.10483487
40,10,440,242,45.93153562
40,10,460,261,48.41042527
40,10,480,257,49.90982365
40,10,500,266,50.4615377
40,10,520,268,45.36653704
40,10,540,272,43.02938511
40,10,560,291,48.40851781
40,10,580,276,50.59770709
40,10,600,279,42.92870299
40,10,620,278,44.3335558
40,10,640,303,53.73892958
40,10,660,310,44.29231912
40,10,680,294,43.04858511
40,10,700,309,44.76809587
40,10,720,328,46.38547929
40,10,740,329,51.6462913
40,10,760,334,49.68891236
40,10,780,351,56.2416769
40,10,800,349,54.76263901
40,10,820,355,58.27105139
40,10,840,354,55.62475998
40,10,860,389,66.09009589
40,10,880,360,56.32217103
40,10,900,429,72.87262855
40,10,920,407,71.47447035
40,10,940,388,67.08684336
40,10,960,417,71.18583563
40,10,980,393,68.5274066
40,10,1000,445,81.37391119
40,15,100,67,10.21125515
40,15,120,79,15.30405481
40,15,140,87,14.93136997
40,15,160,104,18.04575643
40,15,180,98,17.66412935
40,15,200,140,27.02242594
40,15,220,128,24.50038919
40,15,240,146,26.0467087
40,15,260,160,28.51513809
40,15,280,176,35.12394826
40,15,300,182,33.38373263
40,15,320,196,39.8060152
40,15,340,213,43.17750469
40,15,360,209,39.69749119
40,15,380,208,41.11609492
40,15,400,234,42.30259372
40,15,420,238,47.48377682
40,15,440,250,51.41671192
40,15,460,272,55.66924579
40,15,480,258,51.67440241
40,15,500,251,40.4764195
40,15,520,274,51.83985045
40,15,540,273,51.86451303
40,15,560,286,53.72713592
40,15,580,282,48.17262735
40,15,600,284,48.50334889
40,15,620,292,50.39598797
40,15,640,303,52.02132626
40,15,660,295,44.0901295
40,15,680,311,48.99546547
40,15,700,320,53.6058184
40,15,720,323,48.42631108
40,15,740,332,52.03167931
40,15,760,330,47.17633444
40,15,780,364,61.68321632
40,15,800,354,61.32395138
40,15,820,384,65.16500233
40,15,840,364,59.32575862
40,15,860,387,64.69018043
40,15,880,364,60.45311762
40,15,900,381,63.12432332
40,15,920,407,70.63916023
40,15,940,429,76.14400626
40,15,960,443,82.20977529
40,15,980,413,73.41390103
40,15,1000,438,84.35160646
40,20,100,63,10.99433872
40,20,120,69,9.666045434
40,20,140,92,14.10910064
40,20,160,106,18.63452092
40,20,180,116,20.89467797
40,20,200,130,21.51759591
40,20,220,138,26.89806186
40,20,240,150,28.20155438
40,20,260,169,34.96539739
40,20,280,164,32.4313515
40,20,300,179,32.00091569
40,20,320,206,37.75201874
40,20,340,200,40.00682274
40,20,360,210,40.05882721
40,20,380,219,40.80722631
40,20,400,239,47.87028296
40,20,420,245,47.97249064
40,20,440,248,49.9796831
40,20,460,257,47.83608823
40,20,480,261,51.46639356
40,20,500,262,50.18872947
40,20,520,273,56.23246858
40,20,540,269,47.14055286
40,20,560,288,45.95271349
40,20,580,283,45.70300361
40,20,600,295,54.06519179
40,20,620,295,42.82084703
40,20,640,286,45.06245627
40,20,660,294,45.82429757
40,20,680,308,41.94025747
40,20,700,323,49.1958069
40,20,720,316,49.07061479
40,20,740,323,48.77661443
40,20,760,330,47.16950602
40,20,780,327,49.18962074
40,20,800,334,50.9840135
40,20,820,344,54.75982674
40,20,840,401,69.17948249
40,20,860,373,61.03475555
40,20,880,379,64.29194295
40,20,900,385,59.83080427
40,20,920,405,69.01285128
40,20,940,412,72.83765408
40,20,960,435,77.24983376
40,20,980,435,75.36499763
40,20,1000,439,79.67937844
40,25,100,68,11.01635273
40,25,120,77,12.70566613
40,25,140,90,14.14698465
40,25,160,91,15.49520911
40,25,180,103,19.28338604
40,25,200,133,24.92294692
40,25,220,133,21.49325358
40,25,240,158,31.45960964
40,25,260,155,27.58555793
40,25,280,175,31.03310518
40,25,300,202,39.83284058
40,25,320,191,33.33065637
40,25,340,209,44.55364768
40,25,360,215,44.18565731
40,25,380,224,46.31940778
40,25,400,225,42.23052284
40,25,420,238,49.41312153
40,25,440,257,49.75054261
40,25,460,252,50.44011718
40,25,480,258,51.64890172
40,25,500,254,45.55422422
40,25,520,278,55.53252317
40,25,540,282,50.06914604
40,25,560,277,40.43321518
40,25,580,281,46.0709018
40,25,600,286,45.26859366
40,25,620,297,49.87186285
40,25,640,287,43.26996448
40,25,660,290,49.4664363
40,25,680,315,48.50419318
40,25,700,329,49.02705873
40,25,720,319,47.94167281
40,25,740,344,49.87225666
40,25,760,344,52.78582146
40,25,780,348,54.09108885
40,25,800,381,63.63528041
40,25,820,388,63.78440624
40,25,840,374,58.99178584
40,25,860,381,62.59786654
40,25,880,418,71.12178838
40,25,900,393,62.9010971
40,25,920,429,70.63529273
40,25,940,432,77.91485738
40,25,960,426,72.27426572
40,25,980,410,68.80045786
40,25,1000,444,74.49612422
45,0,100,64,10.39263348
45,0,120,74,11.33952976
45,0,140,81,14.2715941
45,0,160,99,17.48182373
45,0,180,109,19.12342047
45,0,200,126,22.05756333
45,0,220,137,23.41070205
45,0,240,151,28.06990769
45,0,260,141,25.51838823
45,0,280,171,35.04140615
45,0,300,174,33.90901654
45,0,320,191,36.989703
45,0,340,207,38.10925321
45,0,360,217,41.70973457
45,0,380,218,46.05950598
45,0,400,227,45.11086969
45,0,420,241,45.69956749
45,0,440,249,46.42468602
45,0,460,250,45.26214837
45,0,480,252,48.62354683
45,0,500,271,53.19989052
45,0,520,270,50.16459786
45,0,540,268,45.08591958
45,0,560,280,51.32898224
45,0,580,281,48.69009533
45,0,600,291,48.92985106
45,0,620,302,46.03771111
45,0,640,308,53.55684198
45,0,660,304,51.80696172
45,0,680,310,48.51665487
45,0,700,334,52.20274894
45,0,720,322,50.25549688
45,0,740,329,49.35730013
45,0,760,335,53.33158615
45,0,780,316,44.60873192
45,0,800,336,54.37318226
45,0,820,358,59.09257147
45,0,840,358,53.41328289
45,0,860,387,66.27488441
45,0,880,367,60.4852495
45,0,900,388,64.61691581
45,0,920,406,71.51998155
45,0,940,392,65.39901838
45,0,960,399,63.54907236
45,0,980,430,74.12264698
45,0,1000,421,72.0930769
45,5,100,70,10.66744996
45,5,120,72,11.08675656
45,5,140,93,13.92317526
45,5,160,101,15.33051442
45,5,180,115,20.57802083
45,5,200,130,25.77340934
45,5,220,129,21.24552005
45,5,240,149,29.51110143
45,5,260,172,34.92549685
45,5,280,162,29.7576556
45,5,300,200,40.64097956
45,5,320,180,35.19229704
45,5,340,205,40.10498222
45,5,360,216,45.34835104
45,5,380,227,42.59546106
45,5,400,227,42.26431799
45,5,420,243,46.17143118
45,5,440,256,52.87225822
45,5,460,271,53.63310921
45,5,480,261,47.42074915
45,5,500,273,55.20773526
45,5,520,276,49.72108625
45,5,540,277,45.9247591
45,5,560,279,46.75733756
45,5,580,293,48.12987926
45,5,600,291,50.2513283
45,5,620,298,49.47042347
45,5,640,296,51.21679653
45,5,660,294,44.62396166
45,5,680,306,50.87236612
45,5,700,310,46.67697024
45,5,720,349,54.83158744
45,5,740,340,51.48714107
45,5,760,346,54.70170543
45,5,780,353,56.54758593
45,5,800,350,59.38701793
45,5,820,368,60.97486466
45,5,840,383,63.3264736
45,5,860,400,67.88968139
45,5,880,393,64.49698347
45,5,900,397,67.40529019
45,5,920,392,66.74083213
45,5,940,393,65.61844948
45,5,960,450,81.1836642
45,5,980,453,80.64680277
45,5,1000,435,78.41271247
45,10,100,67,11.99098705
45,10,120,83,13.68882069
45,10,140,83,12.89603077
45,10,160,81,13.54847488
45,10,180,120,21.29462828
45,10,200,127,23.00943229
45,10,220,135,22.45587319
45,10,240,140,27.32712891
45,10,260,152,26.79327078
45,10,280,155,29.47220857
45,10,300,172,35.46186824
45,10,320,186,35.26362959
45,10,340,211,42.07963661
45,10,360,225,41.81938047
45,10,380,232,45.52543212
45,10,400,225,43.53513645
45,10,420,242,45.66545728
45,10,440,239,47.26024729
45,10,460,249,47.55374039
45,10,480,269,44.77269725
45,10,500,256,53.1101049
45,10,520,270,46.30652402
45,10,540,281,46.30812386
45,10,560,271,51.37412716
45,10,580,276,46.42224945
45,10,600,288,48.601221
45,10,620,288,45.32372052
45,10,640,295,47.75307228
45,10,660,312,53.26877336
45,10,680,309,49.82428592
45,10,700,323,43.28551111
45,10,720,327,53.2371071
45,10,740,313,49.76725026
45,10,760,321,51.2511449
45,10,780,352,55.76532434
45,10,800,355,57.34308599
45,10,820,369,61.79539433
45,10,840,372,62.63516652
45,10,860,370,61.87146819
45,10,880,408,69.54859238
45,10,900,393,68.39261604
45,10,920,426,72.53157102
45,10,940,427,75.18778859
45,10,960,397,67.77222421
45,10,980,461,88.08794827
45,10,1000,434,75.98702659
45,15,100,65,10.78242709
45,15,120,80,15.5765231
45,15,140,89,15.17019797
45,15,160,99,16.15527177
45,15,180,110,17.59786169
45,15,200,127,21.10069448
45,15,220,142,25.79473886
45,15,240,150,29.80209316
45,15,260,153,30.01514804
45,15,280,174,30.13138649
45,15,300,178,37.63559063
45,15,320,181,37.26853967
45,15,340,220,37.94689529
45,15,360,215,41.91890296
45,15,380,209,42.1122675
45,15,400,220,44.74402273
45,15,420,249,44.91253158
45,15,440,256,50.20791365
45,15,460,253,46.80958612
45,15,480,256,50.90724247
45,15,500,260,50.10316464
45,15,520,272,50.43066694
45,15,540,274,46.937717
45,15,560,274,45.70454241
45,15,580,279,50.84999569
45,15,600,289,50.56328603
45,15,620,308,49.79171559
45,15,640,287,45.53898313
45,15,660,292,46.6719069
45,15,680,304,43.63462564
45,15,700,294,38.68175414
45,15,720,316,48.71645654
45,15,740,322,47.87863419
45,15,760,329,51.10458006
45,15,780,350,55.82301686
45,15,800,341,53.29180186
45,15,820,373,63.77702986
45,15,840,350,57.51099939
45,15,860,368,62.46073494
45,15,880,391,64.98952113
45,15,900,405,70.24351707
45,15,920,425,75.00441473
45,15,940,407,67.22301298
45,15,960,415,76.34775679
45,15,980,430,77.85511822
45,15,1000,410,69.81626291
45,20,100,64,10.59074881
45,20,120,71,12.182712
45,20,140,89,15.58139901
45,20,160,92,15.46805248
45,20,180,116,21.10526249
45,20,200,129,24.01464489
45,20,220,132,24.29164558
45,20,240,144,26.55208203
45,20,260,141,27.09395921
45,20,280,166,33.84270542
45,20,300,194,37.40942471
45,20,320,185,32.46291242
45,20,340,200,36.62066473
45,20,360,227,43.49827018
45,20,380,242,48.42061101
45,20,400,220,43.66936298
45,20,420,235,46.381058
45,20,440,238,45.6848815
45,20,460,260,50.44955689
45,20,480,267,50.93127553
45,20,500,267,47.25973184
45,20,520,264,50.97666845
45,20,540,281,54.2158516
45,20,560,280,47.75191027
45,20,580,278,50.8836786
45,20,600,288,48.92962569
45,20,620,288,44.99016195
45,20,640,293,47.98897377
45,20,660,300,39.18495211
45,20,680,315,50.08700777
45,20,700,338,54.57114295
45,20,720,319,48.02080247
45,20,740,336,52.45797586
45,20,760,332,52.53560079
45,20,780,337,49.31838558
45,20,800,352,56.0352142
45,20,820,357,60.20516269
45,20,840,396,68.87975745
45,20,860,391,62.88809953
45,20,880,408,69.91527618
45,20,900,396,67.6224919
45,20,920,405,66.93146824
45,20,940,415,73.70347097
45,20,960,435,77.37192144
45,20,980,472,88.09366621
45,20,1000,430,76.01752747
45,25,100,69,10.86243732
45,25,120,86,12.99495921
45,25,140,95,17.80282792
45,25,160,105,20.29304742
45,25,180,108,18.68834677
45,25,200,136,26.53808411
45,25,220,142,27.07850781
45,25,240,154,28.97313524
45,25,260,174,36.08469891
45,25,280,175,32.67981585
45,25,300,186,34.91238212
45,25,320,190,39.65117655
45,25,340,205,37.4378225
45,25,360,209,44.29698964
45,25,380,220,49.991118
45,25,400,245,48.66820942
45,25,420,225,46.72959569
45,25,440,238,47.01814195
45,25,460,261,59.82846279
45,25,480,260,52.53970609
45,25,500,267,56.84202441
45,25,520,264,46.60178127
45,25,540,278,46.55603389
45,25,560,282,50.71689982
45,25,580,278,46.75321757
45,25,600,298,46.1701233
45,25,620,284,47.02621303
45,25,640,286,47.19706576
45,25,660,306,45.29390167
45,25,680,321,51.08840623
45,25,700,314,50.14223954
45,25,720,320,51.42945105
45,25,740,332,48.94397955
45,25,760,351,52.94017889
45,25,780,316,47.43562901
45,25,800,368,59.07330225
45,25,820,372,61.13179441
45,25,840,383,62.87501578
45,25,860,358,54.20478142
45,25,880,394,67.38477782
45,25,900,429,74.24478931
45,25,920,413,70.25165166
45,25,940,427,77.62459978
45,25,960,431,77.77143192
45,25,980,412,71.71640195
45,25,1000,434,74.80080956
50,0,100,69,10.4865462
50,0,120,80,11.2601039
50,0,140,86,13.62405044
50,0,160,88,15.7422863
50,0,180,107,18.73769826
50,0,200,123,19.26272043
50,0,220,146,28.53151258
50,0,240,154,28.29587193
50,0,260,165,32.65828119
50,0,280,158,28.97124255
50,0,300,186,30.20076219
50,0,320,174,29.82118283
50,0,340,204,42.75408093
50,0,360,225,45.20330597
50,0,380,217,42.61348816
50,0,400,229,45.68030222
50,0,420,236,43.78140315
50,0,440,238,49.31168103
50,0,460,246,47.36398448
50,0,480,271,53.86021528
50,0,500,260,48.97046624
50,0,520,253,45.04714007
50,0,540,271,47.63109998
50,0,560,283,44.90889774
50,0,580,272,43.43952812
50,0,600,284,49.29200661
50,0,620,289,47.68567065
50,0,640,289,44.27176232
50,0,660,303,51.3407862
50,0,680,322,48.64756651
50,0,700,317,47.63868626
50,0,720,323,49.16400306
50,0,740,328,46.59024081
50,0,760,362,57.76697559
50,0,780,343,53.79687114
50,0,800,370,58.38952422
50,0,820,351,51.79402904
50,0,840,373,64.71411589
50,0,860,404,69.15199795
50,0,880,401,67.93456029
50,0,900,407,70.70031156
50,0,920,408,69.30077628
50,0,940,407,67.53226183
50,0,960,416,73.53532789
50,0,980,443,79.39484723
50,0,1000,457,83.25099401
50,5,100,70,13.85397471
50,5,120,81,13.44006518
50,5,140,87,15.25499575
50,5,160,97,15.29983077
50,5,180,120,19.73355008
50,5,200,117,21.71214022
50,5,220,139,26.50808777
50,5,240,144,25.28324054
50,5,260,154,30.13146814
50,5,280,166,28.43321058
50,5,300,170,33.14029982
50,5,320,196,35.59695089
50,5,340,213,42.17693508
50,5,360,200,36.75470171
50,5,380,215,44.35191869
50,5,400,238,47.38189347
50,5,420,237,48.05732543
50,5,440,260,49.4637858
50,5,460,246,44.75533832
50,5,480,268,52.04116494
50,5,500,257,43.86064386
50,5,520,274,46.79836468
50,5,540,268,45.95905493
50,5,560,281,49.16401234
50,5,580,276,47.35787631
50,5,600,309,50.41357798
50,5,620,280,39.49639072
50,5,640,312,48.00631562
50,5,660,296,45.70474348
50,5,680,301,45.70565151
50,5,700,313,48.13814154
50,5,720,298,45.1260574
50,5,740,314,46.05945224
50,5,760,327,48.25644186
50,5,780,334,52.09367393
50,5,800,357,55.6032863
50,5,820,380,61.15249333
50,5,840,392,66.94894786
50,5,860,387,59.83499643
50,5,880,416,78.54905546
50,5,900,397,70.2296796
50,5,920,403,70.36738012
50,5,940,418,72.4945576
50,5,960,374,62.01900041
50,5,980,428,78.36912986
50,5,1000,426,77.78110945
50,10,100,67,11.93589744
50,10,120,84,14.02469915
50,10,140,92,15.97302209
50,10,160,97,15.4873041
50,10,180,106,19.41086428
50,10,200,129,22.8437482
50,10,220,140,25.5731728
50,10,240,158,28.27044152
50,10,260,174,32.46122986
50,10,280,200,40.25766017
50,10,300,165,29.02261804
50,10,320,189,31.91942152
50,10,340,193,35.1125865
50,10,360,222,42.48627207
50,10,380,231,49.93762825
50,10,400,237,48.52739951
50,10,420,254,52.47248437
50,10,440,238,47.60730977
50,10,460,254,45.0932793
50,10,480,269,46.03502718
50,10,500,265,51.42382052
50,10,520,276,54.44638951
50,10,540,279,49.95554483
50,10,560,282,48.85068097
50,10,580,285,53.07848654
50,10,600,291,50.01731988
50,10,620,283,47.00879161
50,10,640,289,44.41868198
50,10,660,314,51.94837015
50,10,680,295,41.13688198
50,10,700,305,50.61148672
50,10,720,324,48.27510057
50,10,740,320,52.35610617
50,10,760,339,55.00448697
50,10,780,342,53.8803193
50,10,800,364,58.34117526
50,10,820,362,59.41924707
50,10,840,385,64.42208437
50,10,860,369,61.85027514
50,10,880,407,71.15007094
50,10,900,421,72.05256672
50,10,920,380,63.20850096
50,10,940,428,74.2992484
50,10,960,408,69.01700438
50,10,980,430,73.68835447
50,10,1000,462,86.13983433
50,15,100,58,9.016977688
50,15,120,80,14.21431696
50,15,140,98,15.76696914
50,15,160,99,16.44108725
50,15,180,108,16.9016331
50,15,200,133,26.29613279
50,15,220,148,26.38157552
50,15,240,149,29.30623975
50,15,260,155,23.43614173
50,15,280,166,32.47281932
50,15,300,184,37.0650314
50,15,320,190,36.58320027
50,15,340,196,37.90038023
50,15,360,207,39.35984287
50,15,380,218,41.10739064
50,15,400,225,45.64080358
50,15,420,239,47.53867809
50,15,440,257,50.62741503
50,15,460,254,50.91685624
50,15,480,275,51.56933176
50,15,500,266,50.81590239
50,15,520,264,50.62332327
50,15,540,276,46.08311897
50,15,560,275,47.911517
50,15,580,288,51.71606038
50,15,600,288,46.9147227
50,15,620,283,44.0702803
50,15,640,297,46.4206977
50,15,660,296,44.09040087
50,15,680,339,49.39885795
50,15,700,308,44.99951127
50,15,720,319,47.4582683
50,15,740,323,50.22740058
50,15,760,350,57.39305274
50,15,780,349,54.29813476
50,15,800,350,55.91115951
50,15,820,396,66.27873764
50,15,840,356,54.2380757
50,15,860,395,64.33919294
50,15,880,370,55.69835263
50,15,900,409,69.21596778
50,15,920,393,64.40672013
50,15,940,417,74.29991055
50,15,960,441,80.86335997
50,15,980,433,79.2445385
50,15,1000,445,79.5809808
50,20,100,67,11.14609205
50,20,120,80,12.79313459
50,20,140,85,12.60696655
50,20,160,95,16.30364372
50,20,180,106,17.52626501
50,20,200,127,22.21758304
50,20,220,138,25.41582026
50,20,240,149,27.03754913
50,20,260,167,30.83351931
50,20,280,169,33.20185738
50,20,300,192,35.78084109
50,20,320,200,38.2870283
50,20,340,200,37.38142917
50,20,360,229,49.9316477
50,20,380,219,43.55010648
50,20,400,232,49.98598999
50,20,420,249,48.61811196
50,20,440,244,49.24423511
50,20,460,266,55.54917572
50,20,480,257,46.57333709
50,20,500,262,52.187699
50,20,520,273,49.54053096
50,20,540,275,47.57532155
50,20,560,281,46.34695668
50,20,580,272,45.75415203
50,20,600,286,49.22870284
50,20,620,294,43.84931327
50,20,640,297,50.04692277
50,20,660,301,50.2201432
50,20,680,306,46.10391959
50,20,700,303,47.04742487
50,20,720,359,57.81875035
50,20,740,324,48.66269907
50,20,760,318,51.18814954
50,20,780,342,54.70752381
50,20,800,353,57.6215311
50,20,820,334,52.27353943
50,20,840,350,55.80219218
50,20,860,375,57.79869505
50,20,880,373,60.36056558
50,20,900,401,71.74800121
50,20,920,399,66.85892684
50,20,940,410,70.99763455
50,20,960,406,68.55641139
50,20,980,428,73.27390333
50,20,1000,431,79.17228208
50,25,100,70,14.38489178
50,25,120,80,11.78102936
50,25,140,92,14.25639284
50,25,160,100,16.29622455
50,25,180,112,21.02005476
50,25,200,112,19.21474722
50,25,220,134,23.43019253
50,25,240,159,28.05495307
50,25,260,166,31.44267897
50,25,280,177,32.53204418
50,25,300,177,33.8431149
50,25,320,196,37.17511271
50,25,340,210,42.21142671
50,25,360,232,42.64144452
50,25,380,214,43.93267832
50,25,400,234,48.43537722
50,25,420,244,48.53079706
50,25,440,242,45.99855754
50,25,460,271,50.31085671
50,25,480,262,48.94833181
50,25,500,279,54.40137698
50,25,520,269,49.95331427
50,25,540,271,50.03930867
50,25,560,273,42.95545187
50,25,580,287,46.93504371
50,25,600,293,49.94500387
50,25,620,299,45.11488752
50,25,640,292,43.74000558
50,25,660,308,42.62430822
50,25,680,297,45.81820749
50,25,700,301,44.54330665
50,25,720,329,49.03170235
50,25,740,309,45.41100284
50,25,760,347,51.37946563
50,25,780,351,55.05850803
50,25,800,378,63.65602084
50,25,820,346,55.51061192
50,25,840,386,62.36954604
50,25,860,381,63.61063142
50,25,880,386,65.0667459
50,25,900,393,64.51691376
50,25,920,378,61.54555593
50,25,940,405,67.88290362
50,25,960,421,71.03549517
50,25,980,438,79.48062562
50,25,1000,451,78.98257224
