maximum-sugar-endowment,minimum-sugar-endowment,initial-population,gini-index,death-ratio,mean-sugar,starve-count,age-death-count,max-min
20,0,50,0.504988208,0.353279632,67.84,307,561,20
20,0,100,0.524272316,0.407166124,61.84,750,1091,20
20,0,150,0.474675564,0.423211781,57.94666667,1207,1644,20
20,0,200,0.49018271,0.4368758,47.89,1706,2198,20
20,0,250,0.500531827,0.464874411,49.58,2369,2726,20
20,0,300,0.5320711,0.484158573,46.66333333,3041,3239,20
20,0,350,0.486150489,0.540564598,44.33428571,4251,3612,20
20,0,400,0.503374797,0.58023782,41.6525,5514,3988,20
20,0,450,0.476425755,0.588331814,39.26444444,6454,4515,20
20,0,500,0.461097426,0.589571337,37.608,7372,5131,20
20,0,550,0.483025166,0.600141493,35.60545455,8483,5651,20
20,0,600,0.477613128,0.597306746,34.05666667,9226,6219,20
20,0,650,0.480454828,0.604759956,34.28307692,10342,6758,20
20,0,700,0.479550726,0.617352083,31.33857143,11634,7210,20
20,0,750,0.486994135,0.618149413,29.40266667,12486,7712,20
20,0,800,0.498502172,0.635758012,29.6325,14124,8091,20
20,0,850,0.509724096,0.649931821,27.52823529,15729,8471,20
20,0,900,0.48696847,0.682259324,28.18444444,18348,8544,20
20,0,950,0.482533858,0.718345995,25.06421053,21559,8452,20
20,0,1000,0.479419266,0.754684083,26.451,25537,8300,20
20,5,50,0.489057851,0.280856423,72.6,223,570,15
20,5,100,0.479151079,0.389360498,69.5,688,1078,15
20,5,150,0.488140999,0.399260628,48.35333333,1080,1624,15
20,5,200,0.464317737,0.424603175,51.08,1605,2174,15
20,5,250,0.484006056,0.431351809,52.84,2039,2687,15
20,5,300,0.499574579,0.465273095,49.02333333,2760,3171,15
20,5,350,0.48548565,0.518629726,45.80857143,3800,3526,15
20,5,400,0.494834418,0.574673166,42.2375,5187,3838,15
20,5,450,0.482435138,0.585093285,40.91333333,6178,4380,15
20,5,500,0.448101085,0.585396559,39.808,6975,4939,15
20,5,550,0.458434773,0.584326444,37.16727273,7747,5510,15
20,5,600,0.44702255,0.597256608,35.77166667,8926,6018,15
20,5,650,0.459400229,0.59859542,32.68307692,9802,6572,15
20,5,700,0.475198443,0.597363487,33.24857143,10513,7085,15
20,5,750,0.463078104,0.597495623,31.74133333,11261,7585,15
20,5,800,0.474211558,0.60686145,29.24875,12400,8032,15
20,5,850,0.483064111,0.617084282,27.11647059,13545,8404,15
20,5,900,0.488255697,0.653697133,26.83444444,16028,8490,15
20,5,950,0.486019754,0.695936564,26.75052632,19045,8320,15
20,5,1000,0.481605374,0.734013651,25.082,22154,8027,15
20,10,50,0.496227582,0.290566038,64.68,231,563,10
20,10,100,0.456340977,0.357444244,60.18,593,1065,10
20,10,150,0.474241932,0.408921933,57.42666667,1100,1589,10
20,10,200,0.468195364,0.411230388,54.36,1494,2138,10
20,10,250,0.469392068,0.427284427,52.848,1992,2669,10
20,10,300,0.482225768,0.445793735,50.14,2533,3148,10
20,10,350,0.495137764,0.505530346,42.63428571,3565,3486,10
20,10,400,0.478482046,0.553577744,43.5825,4696,3786,10
20,10,450,0.451948682,0.576237227,41.22444444,5752,4229,10
20,10,500,0.456486651,0.587738936,40.752,6826,4787,10
20,10,550,0.453772102,0.583793882,37.82181818,7500,5346,10
20,10,600,0.436444588,0.587553558,37.36166667,8365,5871,10
20,10,650,0.434549163,0.590833546,35.50923077,9243,6400,10
20,10,700,0.446125268,0.587730207,32.98714286,9925,6961,10
20,10,750,0.447382964,0.586949339,30.48266667,10659,7500,10
20,10,800,0.455080562,0.599868228,30.45,11836,7894,10
20,10,850,0.458751298,0.613992424,29.52823529,13129,8253,10
20,10,900,0.465356848,0.63226505,27.71,14599,8490,10
20,10,950,0.471903266,0.664384925,26.25578947,16694,8432,10
20,10,1000,0.473464331,0.711796007,25.835,19931,8069,10
20,15,50,0.4025,0.290771176,57.92,230,560,5
20,15,100,0.469155141,0.36600121,66.52,605,1047,5
20,15,150,0.445968011,0.419172932,55.85333333,1115,1544,5
20,15,200,0.472202538,0.411319697,47.275,1468,2100,5
20,15,250,0.475755305,0.419269103,52.964,1893,2621,5
20,15,300,0.467929623,0.441470378,49.41666667,2474,3129,5
20,15,350,0.463822312,0.486590038,44.26,3302,3483,5
20,15,400,0.456721662,0.549957509,39.17,4530,3706,5
20,15,450,0.451378203,0.578483607,42.22888889,5646,4113,5
20,15,500,0.443878759,0.580145059,41.504,6399,4630,5
20,15,550,0.43226632,0.580415622,38.44,7178,5188,5
20,15,600,0.426521739,0.586234234,36.72333333,8134,5740,5
20,15,650,0.427426751,0.588875693,35.32153846,8925,6230,5
20,15,700,0.422864277,0.590319845,34.61285714,9745,6762,5
20,15,750,0.417911025,0.597663421,33.69733333,10743,7231,5
20,15,800,0.428304257,0.600559238,32.8875,11598,7713,5
20,15,850,0.44592524,0.607177357,31.30470588,12571,8132,5
20,15,900,0.446738467,0.621422474,29.67777778,13831,8425,5
20,15,950,0.463209582,0.646235843,28.16842105,15520,8495,5
20,15,1000,0.461130435,0.686921208,25.714,18099,8248,5
20,20,50,0.425708944,0.274711168,64.18,214,564,0
20,20,100,0.49821438,0.319284802,75.38,500,1065,0
20,20,150,0.49628882,0.393520348,51.52,996,1534,0
20,20,200,0.468753484,0.400694847,55.615,1384,2069,0
20,20,250,0.453009841,0.416741472,54.06,1857,2598,0
20,20,300,0.477094276,0.442532943,53.94333333,2418,3045,0
20,20,350,0.450107757,0.473692168,46.51428571,3133,3480,0
20,20,400,0.472043697,0.534924845,45.9125,4235,3681,0
20,20,450,0.445233564,0.577768385,46.54666667,5468,3995,0
20,20,500,0.441722658,0.579191825,43.066,6235,4529,0
20,20,550,0.425339914,0.584283589,41.72909091,7071,5030,0
20,20,600,0.414604496,0.583768073,40.13166667,7833,5584,0
20,20,650,0.413181276,0.590379404,39.02307692,8714,6045,0
20,20,700,0.406392055,0.585425253,38.28285714,9375,6638,0
20,20,750,0.411492859,0.591706447,36.59733333,10288,7098,0
20,20,800,0.411871158,0.595498427,33.14375,11165,7583,0
20,20,850,0.394744416,0.602399484,33.00941176,12151,8019,0
20,20,900,0.417913148,0.606306222,33.02333333,12941,8402,0
20,20,950,0.423869862,0.628541676,30.95789474,14486,8560,0
20,20,1000,0.43932395,0.662205354,28.739,16575,8454,0
25,0,50,0.450953027,0.323809524,73.66,272,567,25
25,0,100,0.49290501,0.40954495,63.27,738,1063,25
25,0,150,0.472277213,0.427960057,59,1200,1603,25
25,0,200,0.500914152,0.432637076,52.535,1657,2172,25
25,0,250,0.465956341,0.445087901,51.124,2152,2682,25
25,0,300,0.485767397,0.476778656,50.80666667,2895,3176,25
25,0,350,0.494516332,0.522170127,43.39714286,3898,3566,25
25,0,400,0.474415508,0.568194368,42.43,5145,3909,25
25,0,450,0.482996006,0.587479936,37.46222222,6222,4368,25
25,0,500,0.472404791,0.591740462,39.744,7150,4932,25
25,0,550,0.458786921,0.591824645,36.8,7992,5511,25
25,0,600,0.450414135,0.599360256,34.83166667,8994,6011,25
25,0,650,0.475188378,0.603000121,35.46,9929,6536,25
25,0,700,0.468376862,0.609889806,33.39714286,11014,7044,25
25,0,750,0.484427786,0.610804965,31.376,11860,7556,25
25,0,800,0.480171538,0.621088017,31.6075,13118,8002,25
25,0,850,0.477242585,0.642570281,29.21647059,14880,8276,25
25,0,900,0.477261406,0.666993836,28.13555556,16989,8481,25
25,0,950,0.474627062,0.698141317,25.98,19682,8509,25
25,0,1000,0.46917566,0.73280743,25.982,23038,8399,25
25,5,50,0.412095032,0.294936709,55.56,233,556,20
25,5,100,0.478145796,0.359281437,66.12,600,1069,20
25,5,150,0.479491863,0.404859813,56.94,1083,1591,20
25,5,200,0.474184273,0.416254805,52.775,1516,2125,20
25,5,250,0.496749119,0.433084312,48.804,2029,2655,20
25,5,300,0.486458535,0.462542955,48.15333333,2692,3127,20
25,5,350,0.480945218,0.503957038,45.58285714,3566,3509,20
25,5,400,0.470545136,0.544503233,43.9225,4631,3873,20
25,5,450,0.45615856,0.580271368,45.53333333,5859,4237,20
25,5,500,0.465204833,0.575969875,37.738,6577,4841,20
25,5,550,0.443989346,0.591024555,36.36545455,7678,5312,20
25,5,600,0.456231997,0.584382694,36.26,8307,5907,20
25,5,650,0.452095007,0.585878722,34.59846154,9111,6439,20
25,5,700,0.447274129,0.590151336,34.94857143,9983,6932,20
25,5,750,0.447425203,0.59777597,33.62266667,11020,7414,20
25,5,800,0.459883722,0.599339431,30.86625,11795,7884,20
25,5,850,0.460303962,0.621813816,29.31529412,13466,8189,20
25,5,900,0.470277957,0.640709857,29.30555556,14983,8401,20
25,5,950,0.478641438,0.674085295,27.38842105,17355,8390,20
25,5,1000,0.47279025,0.710399267,26.298,20159,8217,20
25,10,50,0.493574913,0.277992278,57.4,216,560,15
25,10,100,0.453600563,0.357748184,56.88,591,1060,15
25,10,150,0.481646487,0.412210846,62.22,1087,1549,15
25,10,200,0.453583415,0.411896745,56.015,1468,2095,15
25,10,250,0.460729783,0.409975397,54.46,1833,2637,15
25,10,300,0.492208756,0.43661212,48.95666667,2428,3132,15
25,10,350,0.486396403,0.494004095,44.66285714,3378,3459,15
25,10,400,0.460642094,0.539769277,42.595,4445,3789,15
25,10,450,0.443570203,0.574165637,40.86222222,5574,4133,15
25,10,500,0.442492395,0.576745867,39.578,6384,4684,15
25,10,550,0.440831897,0.585711995,41.24,7305,5166,15
25,10,600,0.446636585,0.581334306,39.245,7973,5741,15
25,10,650,0.423920033,0.587793303,36.61846154,8918,6253,15
25,10,700,0.43725504,0.591840446,35.74714286,9763,6732,15
25,10,750,0.438339479,0.589026449,33.12266667,10467,7302,15
25,10,800,0.431843643,0.596226022,33.11125,11438,7745,15
25,10,850,0.437351764,0.609649544,30.85529412,12699,8130,15
25,10,900,0.442555778,0.619905427,29.93555556,13765,8439,15
25,10,950,0.450367487,0.654461678,29.55157895,15908,8398,15
25,10,1000,0.46550728,0.689494105,27.062,18304,8242,15
25,15,50,0.447970005,0.292838875,74.68,229,552,10
25,15,100,0.467649271,0.328045685,63.81,517,1058,10
25,15,150,0.448532432,0.383326685,69.03333333,961,1545,10
25,15,200,0.428737334,0.408057554,63.655,1418,2056,10
25,15,250,0.455885866,0.418500225,54.252,1864,2589,10
25,15,300,0.457857627,0.429490715,50.79,2336,3102,10
25,15,350,0.462259827,0.46761381,47.80571429,3061,3484,10
25,15,400,0.489622574,0.530980193,43.9325,4182,3693,10
25,15,450,0.459949505,0.571215986,44.20444444,5374,4033,10
25,15,500,0.439280125,0.572746963,41.046,6082,4536,10
25,15,550,0.423327743,0.58475277,40.70363636,7072,5021,10
25,15,600,0.399430254,0.588913525,40.19333333,7968,5561,10
25,15,650,0.401678632,0.589760953,38.16153846,8709,6057,10
25,15,700,0.395934016,0.59332048,38.08,9540,6538,10
25,15,750,0.412114535,0.590641248,37.904,10224,7085,10
25,15,800,0.418448135,0.601346694,33.38625,11342,7518,10
25,15,850,0.404605177,0.601663678,32.22941176,12079,7996,10
25,15,900,0.42716092,0.611506141,30.60111111,13244,8413,10
25,15,950,0.437241197,0.637039887,29.82947368,14901,8489,10
25,15,1000,0.426819265,0.666627144,27.189,16867,8434,10
25,20,50,0.446873207,0.260869565,69.72,198,560,5
25,20,100,0.421514587,0.344375,64.44,551,1048,5
25,20,150,0.423229033,0.405103668,62.21333333,1016,1491,5
25,20,200,0.454714097,0.404330018,60.685,1382,2035,5
25,20,250,0.438771768,0.415342714,57.24,1830,2575,5
25,20,300,0.444771746,0.41840212,52.74333333,2210,3071,5
25,20,350,0.458970377,0.461263779,47.20571429,2971,3469,5
25,20,400,0.446537563,0.505065123,44.925,3839,3761,5
25,20,450,0.444490449,0.566516037,44.76222222,5140,3932,5
25,20,500,0.423632645,0.572683398,42.542,5933,4426,5
25,20,550,0.407452293,0.580126561,41.97454545,6784,4909,5
25,20,600,0.408324396,0.584930247,39.16333333,7631,5414,5
25,20,650,0.40407661,0.591358885,41.18923077,8486,5863,5
25,20,700,0.408782699,0.577073552,40.31,8850,6485,5
25,20,750,0.38841443,0.590212439,36.96,9974,6924,5
25,20,800,0.407920127,0.598659839,36.72625,10989,7366,5
25,20,850,0.390164098,0.599847445,33.35411765,11796,7868,5
25,20,900,0.387764384,0.606794277,32.44666667,12807,8298,5
25,20,950,0.40557737,0.624114417,31.39894737,14095,8488,5
25,20,1000,0.418213523,0.649485385,30.081,15776,8513,5
25,25,50,0.470283461,0.227461859,81.14,164,556,0
25,25,100,0.500717151,0.33908046,62.33,531,1034,0
25,25,150,0.439451141,0.378033731,65.26666667,919,1511,0
25,25,200,0.448083887,0.399344848,57.995,1341,2016,0
25,25,250,0.424547436,0.392329681,55.064,1647,2550,0
25,25,300,0.433718712,0.425350512,52.64666667,2245,3032,0
25,25,350,0.440811658,0.444391103,52.71142857,2777,3471,0
25,25,400,0.444730034,0.500670961,51.5575,3731,3720,0
25,25,450,0.421315946,0.551502638,43.45555556,4808,3909,0
25,25,500,0.414265233,0.571925985,45.394,5749,4302,0
25,25,550,0.414567746,0.581376945,41.07818182,6612,4760,0
25,25,600,0.39067923,0.580465708,41.52166667,7304,5278,0
25,25,650,0.400150312,0.585731804,42.32615385,8120,5742,0
25,25,700,0.394437814,0.593356918,39.32714286,9057,6206,0
25,25,750,0.376723094,0.592646435,37.31866667,9784,6724,0
25,25,800,0.375900725,0.584633785,37.16625,10265,7292,0
25,25,850,0.375560682,0.590304884,36.35647059,11191,7766,0
25,25,900,0.385516193,0.597341866,34.06111111,12135,8179,0
25,25,950,0.407608838,0.615854771,33.53368421,13502,8421,0
25,25,1000,0.394030776,0.635821404,32.168,14924,8547,0
30,0,50,0.493235772,0.304668305,61.5,248,565,30
30,0,100,0.491716764,0.407303371,66.87,725,1054,30
30,0,150,0.488994826,0.405068079,60.13333333,1071,1572,30
30,0,200,0.457611763,0.434550786,60.955,1630,2120,30
30,0,250,0.498650456,0.433305013,44.744,2040,2667,30
30,0,300,0.469099786,0.455520942,52.45666667,2632,3145,30
30,0,350,0.459952436,0.512915636,44.62285714,3733,3544,30
30,0,400,0.471541191,0.549747822,46.6725,4796,3927,30
30,0,450,0.472971248,0.577727806,41.32444444,5909,4318,30
30,0,500,0.452653512,0.592259611,41.15,6917,4761,30
30,0,550,0.468193696,0.591515802,38.40727273,7711,5324,30
30,0,600,0.445768129,0.59268344,39.57666667,8457,5811,30
30,0,650,0.44995208,0.59872812,36.79692308,9509,6372,30
30,0,700,0.451678688,0.60354483,34.71857143,10454,6866,30
30,0,750,0.457255591,0.607106599,35.35333333,11362,7352,30
30,0,800,0.470257123,0.611902642,32.11625,12369,7844,30
30,0,850,0.469574171,0.631500609,30.42470588,14001,8169,30
30,0,900,0.458559829,0.650643812,29.46666667,15715,8437,30
30,0,950,0.459068579,0.67755102,28.84105263,17928,8531,30
30,0,1000,0.467677041,0.712933112,27.375,21008,8458,30
30,5,50,0.493830791,0.284987277,72.1,224,561,25
30,5,100,0.443390227,0.370414201,72.65,626,1063,25
30,5,150,0.484184261,0.390007746,59.04666667,1007,1574,25
30,5,200,0.479495058,0.414593235,55.65,1483,2093,25
30,5,250,0.462549598,0.440359128,50.204,2060,2617,25
30,5,300,0.448198578,0.435591689,55.32666667,2411,3123,25
30,5,350,0.458328653,0.48021264,45.93142857,3252,3519,25
30,5,400,0.476687859,0.54388696,42.665,4542,3808,25
30,5,450,0.444141372,0.58,42.75555556,5713,4136,25
30,5,500,0.444258458,0.577440621,39.96,6394,4678,25
30,5,550,0.442370785,0.579328082,38.38181818,7208,5233,25
30,5,600,0.443093436,0.588527422,36.995,8177,5716,25
30,5,650,0.436721053,0.5871839,36.14307692,8870,6235,25
30,5,700,0.414175169,0.600998692,35.48285714,10110,6711,25
30,5,750,0.456061722,0.596905266,35.19733333,10724,7241,25
30,5,800,0.438545265,0.603416149,33.65625,11658,7661,25
30,5,850,0.439964284,0.607902,31.93176471,12555,8097,25
30,5,900,0.45855224,0.633952956,30.57,14392,8309,25
30,5,950,0.45015465,0.662318255,29.38631579,16399,8360,25
30,5,1000,0.441645805,0.695873271,27.962,19021,8312,25
30,10,50,0.415009798,0.251655629,61.24,190,564,20
30,10,100,0.453071844,0.355473555,63.61,578,1047,20
30,10,150,0.443219227,0.383665339,62.32,963,1546,20
30,10,200,0.450079997,0.398781903,60.315,1375,2072,20
30,10,250,0.445350709,0.425813692,55.864,1897,2557,20
30,10,300,0.462436758,0.436987051,54.15666667,2396,3086,20
30,10,350,0.470361493,0.472255913,45.50285714,3115,3480,20
30,10,400,0.455005647,0.525799144,43.1625,4178,3767,20
30,10,450,0.431677348,0.561678949,41.95777778,5259,4103,20
30,10,500,0.431797255,0.583572287,45.318,6309,4501,20
30,10,550,0.432994537,0.58844176,42.05454545,7209,5041,20
30,10,600,0.420570803,0.58509769,40.32333333,7876,5584,20
30,10,650,0.419257883,0.591705568,41.07230769,8746,6034,20
30,10,700,0.417385863,0.585892846,36.29714286,9328,6592,20
30,10,750,0.423687723,0.588320491,35.01733333,10155,7105,20
30,10,800,0.412898374,0.587327376,33.93875,10845,7619,20
30,10,850,0.409791157,0.600754605,33.10705882,12101,8041,20
30,10,900,0.42634999,0.614601176,30.84111111,13276,8324,20
30,10,950,0.428153665,0.641929735,30.25894737,15129,8438,20
30,10,1000,0.432046386,0.681351864,29.039,17600,8230,20
30,15,50,0.483748362,0.254374159,76.3,189,553,15
30,15,100,0.435039896,0.317276814,68.93,494,1062,15
30,15,150,0.470182442,0.373973727,64.8,911,1524,15
30,15,200,0.42369904,0.387459332,60.955,1310,2070,15
30,15,250,0.444780317,0.413403961,54.788,1795,2546,15
30,15,300,0.452559136,0.422155124,54.72333333,2237,3061,15
30,15,350,0.452178763,0.465732327,46.83428571,3024,3468,15
30,15,400,0.441608977,0.515391609,48.68,3968,3730,15
30,15,450,0.440775292,0.554925506,46.68888889,4991,4002,15
30,15,500,0.426241075,0.566113281,44.202,5797,4442,15
30,15,550,0.417194332,0.579271949,41.51454545,6763,4911,15
30,15,600,0.408328214,0.587042986,41.235,7675,5398,15
30,15,650,0.40242966,0.586336966,39.08307692,8394,5921,15
30,15,700,0.414825108,0.589694412,38.61857143,9224,6417,15
30,15,750,0.394320819,0.585838702,37.504,9821,6942,15
30,15,800,0.406732188,0.595691026,36.7725,10866,7374,15
30,15,850,0.41680961,0.59792863,36.22470588,11662,7841,15
30,15,900,0.39360466,0.608427739,33.97111111,12836,8260,15
30,15,950,0.401295105,0.632225782,31.43052632,14404,8378,15
30,15,1000,0.428357671,0.655861366,29.228,16085,8439,15
30,20,50,0.461960415,0.227586207,63.66,165,559,10
30,20,100,0.451371109,0.328888889,57.18,518,1056,10
30,20,150,0.419385606,0.382220401,63.51333333,933,1507,10
30,20,200,0.442039783,0.39851632,62.715,1343,2026,10
30,20,250,0.427839806,0.393563766,56.132,1651,2543,10
30,20,300,0.432054704,0.422316113,57.44,2199,3007,10
30,20,350,0.439603562,0.448705657,50.92285714,2808,3449,10
30,20,400,0.439581796,0.497513107,52.1725,3701,3737,10
30,20,450,0.424832813,0.551178413,46.00444444,4841,3941,10
30,20,500,0.405922803,0.575548094,44.872,5828,4297,10
30,20,550,0.412525303,0.572707133,43.47272727,6463,4821,10
30,20,600,0.402696312,0.575612862,42.25833333,7232,5331,10
30,20,650,0.391804343,0.59111333,40.98461538,8288,5732,10
30,20,700,0.380278493,0.587714663,40.12857143,8898,6241,10
30,20,750,0.399564493,0.58496213,38.588,9577,6794,10
30,20,800,0.389926633,0.58470722,38.3775,10285,7304,10
30,20,850,0.381848578,0.590037505,34.17647059,11170,7760,10
30,20,900,0.378569282,0.599665897,35.99333333,12205,8147,10
30,20,950,0.399350527,0.612913559,32.74421053,13394,8458,10
30,20,1000,0.404594388,0.629675704,32.504,14679,8632,10
30,25,50,0.495690309,0.250684932,73.88,183,546,5
30,25,100,0.402396694,0.311714097,75.02,471,1039,5
30,25,150,0.440032252,0.389767055,66.14666667,937,1466,5
30,25,200,0.444333901,0.395320571,70.41,1301,1989,5
30,25,250,0.424684031,0.410479323,58.664,1747,2508,5
30,25,300,0.428886219,0.421911422,55.48666667,2172,2975,5
30,25,350,0.420036461,0.440735917,48.80857143,2707,3434,5
30,25,400,0.406276506,0.488673581,47.395,3581,3746,5
30,25,450,0.453107902,0.536107855,48.63111111,4573,3956,5
30,25,500,0.401967631,0.567338174,46.464,5548,4230,5
30,25,550,0.390738129,0.581626207,45.40181818,6445,4635,5
30,25,600,0.394989515,0.573901682,43.44833333,7028,5217,5
30,25,650,0.380415892,0.586858951,40.71384615,7976,5614,5
30,25,700,0.373453825,0.580201525,41.79571429,8522,6165,5
30,25,750,0.372038628,0.583260023,40.96,9282,6631,5
30,25,800,0.363721112,0.589299171,40.56625,10166,7084,5
30,25,850,0.381861855,0.591824676,37.32705882,11018,7598,5
30,25,900,0.379060284,0.597846231,35.92888889,11936,8028,5
30,25,950,0.371496949,0.607079398,34.78210526,12983,8402,5
30,25,1000,0.367979281,0.623093109,32.965,14214,8597,5
30,30,50,0.473077322,0.21488764,77.08,153,558,0
30,30,100,0.437822174,0.309381238,73.33,465,1037,0
30,30,150,0.414796658,0.33377193,72.07333333,761,1518,0
30,30,200,0.399256555,0.391531145,60.26,1276,1982,0
30,30,250,0.404167261,0.399227613,57.204,1654,2488,0
30,30,300,0.393089348,0.406499203,52.14333333,2039,2976,0
30,30,350,0.400616903,0.429785107,52.20285714,2580,3422,0
30,30,400,0.407456025,0.488852188,50.5975,3552,3713,0
30,30,450,0.408722537,0.524886336,45.53777778,4387,3970,0
30,30,500,0.402992921,0.559272115,48.31,5317,4189,0
30,30,550,0.391421955,0.574043107,46.39636364,6179,4584,0
30,30,600,0.391062819,0.580024865,44.73166667,6998,5066,0
30,30,650,0.359571755,0.585172907,44.40307692,7767,5505,0
30,30,700,0.36623217,0.58438061,39.97428571,8463,6018,0
30,30,750,0.355512265,0.584582853,43.10533333,9123,6482,0
30,30,800,0.372230123,0.592102152,41.94625,10016,6899,0
30,30,850,0.342722876,0.585507728,38.49176471,10569,7481,0
30,30,900,0.344720953,0.591510019,38.41555556,11454,7909,0
30,30,950,0.363526273,0.598977919,36.46736842,12424,8317,0
30,30,1000,0.375012149,0.619135029,34.076,13829,8506,0
35,0,50,0.439433665,0.316176471,76.28,258,557,35
35,0,100,0.492561415,0.373749264,61.06,635,1063,35
35,0,150,0.452977297,0.414296407,65.28666667,1107,1564,35
35,0,200,0.461901787,0.426550598,57.63,1568,2107,35
35,0,250,0.467755588,0.420305677,55.12,1925,2654,35
35,0,300,0.481042832,0.448604733,51.85666667,2540,3121,35
35,0,350,0.470694517,0.500635324,47.79714286,3546,3536,35
35,0,400,0.458686536,0.543928107,46.5325,4600,3856,35
35,0,450,0.44854788,0.562705255,41.40222222,5483,4260,35
35,0,500,0.470251754,0.587913059,40.77,6654,4663,35
35,0,550,0.456531453,0.594605222,38.53090909,7561,5154,35
35,0,600,0.443160692,0.599052602,40.40166667,8473,5670,35
35,0,650,0.426327451,0.596073843,37.60153846,9170,6213,35
35,0,700,0.441798161,0.604350661,37.09571429,10196,6674,35
35,0,750,0.442262269,0.599489654,34.68533333,10807,7219,35
35,0,800,0.446890684,0.614332576,33.82125,12173,7641,35
35,0,850,0.457555758,0.625846844,32.07764706,13395,8007,35
35,0,900,0.439248723,0.640687999,31.16666667,14937,8376,35
35,0,950,0.448099173,0.673102374,30.23789474,17292,8397,35
35,0,1000,0.427601821,0.700823162,30.976,19752,8431,35
35,5,50,0.464005148,0.271653543,77.7,207,554,30
35,5,100,0.46468942,0.337071651,58.6,541,1063,30
35,5,150,0.458715589,0.389387437,52.87333333,998,1564,30
35,5,200,0.433117203,0.40098011,60.92,1391,2077,30
35,5,250,0.458127113,0.42556024,51.104,1918,2588,30
35,5,300,0.456511344,0.426883309,52.79333333,2312,3103,30
35,5,350,0.465577864,0.469264462,46.55428571,3107,3513,30
35,5,400,0.469172914,0.512980402,44.0175,4031,3826,30
35,5,450,0.441617897,0.556317651,42.93333333,5191,4139,30
35,5,500,0.42549687,0.57328109,45.046,6145,4573,30
35,5,550,0.414295222,0.5784452,39.93636364,6972,5080,30
35,5,600,0.435322355,0.588278767,40.43166667,7960,5570,30
35,5,650,0.416817916,0.585339317,36.64153846,8608,6097,30
35,5,700,0.438868474,0.591566789,35.12142857,9526,6576,30
35,5,750,0.429928448,0.586588617,37.356,10121,7132,30
35,5,800,0.417798696,0.598552961,35.655,11251,7545,30
35,5,850,0.431594655,0.610786671,31.69411765,12446,7930,30
35,5,900,0.436358524,0.626836656,30.24888889,13865,8253,30
35,5,950,0.447617171,0.648640724,31.01157895,15485,8387,30
35,5,1000,0.432819393,0.674607786,30.464,17415,8399,30
35,10,50,0.465344877,0.241239892,69.3,179,562,25
35,10,100,0.500479641,0.309967846,69.01,482,1072,25
35,10,150,0.453399798,0.395692062,59.51333333,992,1514,25
35,10,200,0.437497578,0.403314917,56.775,1387,2051,25
35,10,250,0.441705965,0.412007333,57.136,1798,2565,25
35,10,300,0.435576477,0.429764335,52.22333333,2316,3072,25
35,10,350,0.461678025,0.462100031,50.42857143,2975,3462,25
35,10,400,0.456613074,0.512987013,47.27,3950,3749,25
35,10,450,0.425484491,0.559842174,44.09111111,5108,4015,25
35,10,500,0.425666899,0.567765568,42.966,5890,4483,25
35,10,550,0.424483331,0.58440017,40.52181818,6893,4901,25
35,10,600,0.418529524,0.587714613,40.60666667,7702,5402,25
35,10,650,0.407919887,0.580977044,40.10307692,8301,5986,25
35,10,700,0.401337604,0.590172336,40.11285714,9212,6396,25
35,10,750,0.397337098,0.594826573,37.77333333,10118,6891,25
35,10,800,0.418490411,0.591248901,36.40375,10756,7435,25
35,10,850,0.413611961,0.597629189,34.89176471,11646,7840,25
35,10,900,0.419996473,0.612107729,34.30444444,12932,8194,25
35,10,950,0.417904527,0.629686947,32.37052632,14241,8374,25
35,10,1000,0.419216156,0.662803376,32.125,16413,8349,25
35,15,50,0.4362879,0.242134063,70.58,177,553,20
35,15,100,0.4286914,0.325129534,59.3,502,1041,20
35,15,150,0.457490015,0.372344856,63.42666667,894,1506,20
35,15,200,0.454482348,0.394404332,67.13,1311,2012,20
35,15,250,0.439635438,0.39914974,59.732,1690,2543,20
35,15,300,0.440009426,0.42478551,53.04333333,2228,3016,20
35,15,350,0.441283158,0.462558502,47.74571429,2965,3444,20
35,15,400,0.422262383,0.500667022,47.2925,3753,3742,20
35,15,450,0.415897707,0.547543221,44.91555556,4814,3977,20
35,15,500,0.425692753,0.56948417,46.998,5774,4364,20
35,15,550,0.399968672,0.579011913,45.79636364,6610,4805,20
35,15,600,0.393131659,0.581936096,40.61833333,7358,5285,20
35,15,650,0.398929356,0.58430044,40.37384615,8106,5766,20
35,15,700,0.393568366,0.587104814,39.98285714,8951,6294,20
35,15,750,0.394528994,0.587608139,37.52533333,9645,6768,20
35,15,800,0.391195106,0.592206181,37.2875,10501,7230,20
35,15,850,0.390612881,0.586627106,36.84,11072,7801,20
35,15,900,0.414996938,0.602762621,34.67555556,12262,8080,20
35,15,950,0.401545068,0.615455213,34.55263158,13412,8379,20
35,15,1000,0.406895662,0.63627084,30.382,14960,8551,20
35,20,50,0.446299256,0.245541838,72.58,179,549,15
35,20,100,0.44096209,0.308650066,62.78,471,1054,15
35,20,150,0.452397661,0.375051975,64.6,902,1502,15
35,20,200,0.42793599,0.385066338,58.975,1248,1992,15
35,20,250,0.420207461,0.4032912,55.22,1691,2501,15
35,20,300,0.419453884,0.406293019,54.34333333,2066,3018,15
35,20,350,0.435953831,0.439980321,53.46857143,2683,3414,15
35,20,400,0.433949265,0.498300014,50.655,3664,3688,15
35,20,450,0.415296206,0.542683639,48.97333333,4647,3915,15
35,20,500,0.406779517,0.564686737,43.432,5552,4279,15
35,20,550,0.385931773,0.578734132,44.85272727,6428,4678,15
35,20,600,0.393175763,0.585962653,46.54,7280,5143,15
35,20,650,0.392468584,0.583210059,44.30923077,7885,5634,15
35,20,700,0.381040371,0.582214082,42.64571429,8583,6158,15
35,20,750,0.380521737,0.581845612,41.45466667,9256,6651,15
35,20,800,0.383944254,0.584889148,41.6175,10025,7114,15
35,20,850,0.379266861,0.592361485,37.64823529,11012,7577,15
35,20,900,0.374635346,0.59557638,37.28888889,11821,8026,15
35,20,950,0.381067843,0.601496637,35.62,12700,8413,15
35,20,1000,0.389671108,0.626592774,33.02,14359,8556,15
35,25,0,0,0,0,0,0,10
35,25,50,0.415149701,0.23783032,66.8,171,547,10
35,25,100,0.419967977,0.289864865,78.07,429,1050,10
35,25,150,0.412372462,0.370528109,62.81333333,870,1477,10
35,25,200,0.402513211,0.381144991,62.45,1225,1988,10
35,25,250,0.406523973,0.399318237,58.232,1640,2466,10
35,25,300,0.405778634,0.408372828,53.62666667,2068,2995,10
35,25,350,0.408991915,0.438448845,54.98,2657,3402,10
35,25,400,0.426382814,0.47386172,49.1525,3372,3743,10
35,25,450,0.399941543,0.528400955,45.95555556,4428,3951,10
35,25,500,0.41737856,0.558647485,49.794,5320,4202,10
35,25,550,0.394000646,0.570355951,45.53272727,6153,4634,10
35,25,600,0.392085336,0.582785863,45.76666667,7008,5016,10
35,25,650,0.381002631,0.5790314,43.27076923,7616,5536,10
35,25,700,0.370638166,0.574884308,43.32571429,8199,6062,10
35,25,750,0.353357627,0.589568437,41.85866667,9235,6428,10
35,25,800,0.369479922,0.586430398,41.57125,9862,6954,10
35,25,850,0.373720769,0.593542365,40.25882353,10809,7401,10
35,25,900,0.359513423,0.594231956,38.44444444,11559,7892,10
35,25,950,0.369864078,0.595634247,36.04,12279,8335,10
35,25,1000,0.38188266,0.615754687,34.89,13695,8545,10
35,30,0,0,0,0,0,0,5
35,30,50,0.422737746,0.225352113,88.54,160,549,5
35,30,100,0.443224592,0.279643592,63.76,408,1050,5
35,30,150,0.413356677,0.352483801,64.73333333,816,1498,5
35,30,200,0.399601534,0.382677165,61.925,1215,1959,5
35,30,250,0.397281321,0.384981227,62.96,1538,2456,5
35,30,300,0.397574642,0.396643471,58.83666667,1938,2947,5
35,30,350,0.399647493,0.435850008,56.57428571,2592,3354,5
35,30,400,0.413849642,0.463799283,48.235,3235,3739,5
35,30,450,0.401042706,0.515136476,49.01777778,4152,3907,5
35,30,500,0.377497646,0.547487844,49.702,5067,4187,5
35,30,550,0.383757759,0.575972735,46.89272727,6084,4478,5
35,30,600,0.369114616,0.581450857,45.28166667,6821,4909,5
35,30,650,0.36449752,0.581951257,45.62461538,7474,5368,5
35,30,700,0.363355756,0.595316553,44.59714286,8491,5771,5
35,30,750,0.353680234,0.586983566,42.78133333,8965,6307,5
35,30,800,0.357559224,0.587877683,42.74,9670,6778,5
35,30,850,0.349165828,0.587908348,42.00588235,10366,7265,5
35,30,900,0.344434383,0.587889695,39.50888889,11107,7785,5
35,30,950,0.362875589,0.592669638,38.78631579,11966,8223,5
35,30,1000,0.354092322,0.605449743,37.965,13065,8513,5
40,0,0,0,0,0,0,0,40
40,0,50,0.491768725,0.265888457,76.1,205,565,40
40,0,100,0.39933571,0.340768278,61.72,550,1063,40
40,0,150,0.459250062,0.396923077,62.82,1032,1567,40
40,0,200,0.439421314,0.409064831,60.525,1426,2059,40
40,0,250,0.451960306,0.432325017,54.82,1958,2570,40
40,0,300,0.467660306,0.451360484,47.16666667,2538,3084,40
40,0,350,0.472349117,0.486054022,46.84,3311,3500,40
40,0,400,0.470436821,0.53387765,49.4625,4381,3824,40
40,0,450,0.442064152,0.569487983,44.36222222,5450,4119,40
40,0,500,0.45143532,0.574866801,43.352,6258,4627,40
40,0,550,0.416708305,0.588393732,41.93272727,7209,5042,40
40,0,600,0.440168511,0.588230951,40.205,7967,5576,40
40,0,650,0.417152197,0.604195527,40.61846154,9159,5999,40
40,0,700,0.431299554,0.587860224,36.99857143,9404,6592,40
40,0,750,0.42996253,0.600611136,37.316,10614,7057,40
40,0,800,0.428854148,0.607747176,35.28625,11673,7533,40
40,0,850,0.416475119,0.625513029,36.65647059,13107,7846,40
40,0,900,0.43113645,0.635752449,33.81333333,14279,8180,40
40,0,950,0.425860623,0.658605335,32.80526316,16122,8356,40
40,0,1000,0.424832839,0.687810625,31.024,18683,8479,40
40,5,0,0,0,0,0,0,35
40,5,50,0.433775342,0.285714286,73,224,559,35
40,5,100,0.466368809,0.332493703,59.76,528,1059,35
40,5,150,0.438646636,0.372093023,67.45333333,912,1538,35
40,5,200,0.432286432,0.387700535,54.725,1305,2060,35
40,5,250,0.461046403,0.420849421,53.272,1853,2549,35
40,5,300,0.453474658,0.436815736,52.83333333,2354,3034,35
40,5,350,0.44774303,0.471511274,48.10857143,3095,3468,35
40,5,400,0.437881213,0.511952449,48.0375,3962,3776,35
40,5,450,0.445061597,0.547853701,43.87333333,5003,4128,35
40,5,500,0.425709835,0.565910838,45.96,5890,4517,35
40,5,550,0.432850286,0.573962976,39.88,6697,4970,35
40,5,600,0.423113581,0.592004883,40.715,7760,5347,35
40,5,650,0.430321379,0.58025213,41.43384615,8239,5959,35
40,5,700,0.422951456,0.591886049,38.82,9308,6417,35
40,5,750,0.413683942,0.590605613,37.588,9996,6928,35
40,5,800,0.432410927,0.595485253,38.22375,10842,7364,35
40,5,850,0.402789627,0.604310695,35.91058824,11888,7783,35
40,5,900,0.418093272,0.616792959,33.64111111,13105,8141,35
40,5,950,0.422307063,0.641537996,32.83473684,14833,8287,35
40,5,1000,0.422859985,0.669574181,31.468,16888,8333,35
40,10,0,0,0,0,0,0,30
40,10,50,0.451657143,0.237380628,84,174,558,30
40,10,100,0.462848227,0.317769131,65.69,490,1051,30
40,10,150,0.451043391,0.385425101,55.56666667,952,1517,30
40,10,200,0.437411902,0.387365912,60.16,1300,2055,30
40,10,250,0.423010007,0.408953136,53.964,1754,2534,30
40,10,300,0.428027334,0.436925961,58.86,2331,3003,30
40,10,350,0.432362288,0.463996259,53.94285714,2977,3438,30
40,10,400,0.455028838,0.492494929,48.98,3642,3752,30
40,10,450,0.433358055,0.533485714,43.54666667,4668,4081,30
40,10,500,0.415598699,0.564818469,45.492,5725,4410,30
40,10,550,0.403251351,0.581257103,43.54909091,6649,4789,30
40,10,600,0.420614375,0.583531275,43.88833333,7370,5259,30
40,10,650,0.398569178,0.582312239,41.99846154,8079,5794,30
40,10,700,0.393218852,0.594635165,39.66428571,9111,6210,30
40,10,750,0.40910178,0.591077166,40.16933333,9751,6745,30
40,10,800,0.407042862,0.588285422,38.2475,10355,7246,30
40,10,850,0.409495801,0.598479287,35.36117647,11413,7656,30
40,10,900,0.417779244,0.608462775,36.20777778,12496,8040,30
40,10,950,0.407494231,0.6204002,34.71789474,13673,8365,30
40,10,1000,0.402352941,0.647921353,33.014,15554,8451,30
40,15,0,0,0,0,0,0,25
40,15,50,0.424031169,0.220505618,77,157,554,25
40,15,100,0.452826834,0.316851008,66.93,487,1049,25
40,15,150,0.446386682,0.365546218,70.48,870,1509,25
40,15,200,0.430017886,0.378295524,55.91,1234,2027,25
40,15,250,0.429923842,0.423292797,60.296,1810,2465,25
40,15,300,0.440084171,0.415856976,50.42666667,2140,3005,25
40,15,350,0.427192118,0.444945267,50.54285714,2764,3447,25
40,15,400,0.41645273,0.494475515,49.08,3625,3705,25
40,15,450,0.425039115,0.53683722,47.21777778,4627,3991,25
40,15,500,0.404769549,0.563534219,46.37,5517,4272,25
40,15,550,0.398093341,0.575278476,42.74363636,6404,4727,25
40,15,600,0.400388676,0.581368975,42.72333333,7177,5167,25
40,15,650,0.393268233,0.581383294,42.97384615,7851,5652,25
40,15,700,0.386452086,0.583757378,43.00428571,8604,6134,25
40,15,750,0.384381595,0.589167188,41.10933333,9409,6560,25
40,15,800,0.379781668,0.588839856,38.78125,10141,7080,25
40,15,850,0.386229294,0.596188943,39.26352941,11107,7522,25
40,15,900,0.389275322,0.6017991,37.30222222,12042,7967,25
40,15,950,0.399377312,0.616651163,34.44631579,13258,8241,25
40,15,1000,0.395138603,0.63140733,35.021,14523,8477,25
40,20,0,0,0,0,0,0,20
40,20,50,0.456683889,0.221910112,85.16,158,553,20
40,20,100,0.406756757,0.301132578,75.85,452,1048,20
40,20,150,0.423705692,0.361847733,72.03333333,846,1491,20
40,20,200,0.415077617,0.385162287,67.64,1246,1988,20
40,20,250,0.419648852,0.398978848,59.052,1641,2471,20
40,20,300,0.419459799,0.421000981,57.53,2145,2949,20
40,20,350,0.411172428,0.441562705,54.05142857,2690,3401,20
40,20,400,0.410144757,0.484953543,51.4225,3497,3713,20
40,20,450,0.40095489,0.52447469,50.60888889,4393,3982,20
40,20,500,0.392728364,0.561842242,48.668,5392,4204,20
40,20,550,0.390006102,0.569081404,47.67272727,6096,4615,20
40,20,600,0.387134494,0.579123173,46.12333333,6935,5039,20
40,20,650,0.383931964,0.590330597,44.90461538,7839,5439,20
40,20,700,0.368306771,0.577370932,44.93285714,8231,6024,20
40,20,750,0.364510783,0.593187008,42.288,9351,6412,20
40,20,800,0.374829387,0.595408643,41.285,10141,6890,20
40,20,850,0.379434354,0.590273556,40.53058824,10681,7413,20
40,20,900,0.358490019,0.595942954,39.24666667,11575,7847,20
40,20,950,0.37722798,0.603539483,37.33789474,12550,8243,20
40,20,1000,0.372413079,0.619682398,34.56,13853,8501,20
40,25,0,0,0,0,0,0,15
40,25,50,0.445812259,0.206051873,93.32,143,550,15
40,25,100,0.456155443,0.281228669,77.07,412,1052,15
40,25,150,0.426602558,0.351007888,70.02,801,1480,15
40,25,200,0.405808446,0.3738437,66.3,1172,1962,15
40,25,250,0.395089409,0.399361022,59.144,1625,2443,15
40,25,300,0.407066544,0.407056452,58.07333333,2019,2940,15
40,25,350,0.405574295,0.423491195,56.68,2477,3371,15
40,25,400,0.427006657,0.467879477,52.575,3292,3743,15
40,25,450,0.414825962,0.517772078,48.28666667,4239,3947,15
40,25,500,0.407627024,0.554413025,48.904,5176,4159,15
40,25,550,0.386521258,0.56565753,46.78,5923,4547,15
40,25,600,0.411705266,0.581314291,47.20833333,6838,4924,15
40,25,650,0.372416785,0.579041404,45.38769231,7454,5418,15
40,25,700,0.371475497,0.590851334,46.23,8370,5795,15
40,25,750,0.361782731,0.584867344,41.87733333,8928,6336,15
40,25,800,0.353769932,0.592532173,43.585,9807,6743,15
40,25,850,0.350306418,0.589823059,41.21058824,10467,7278,15
40,25,900,0.350829716,0.589906364,39.33222222,11151,7751,15
40,25,950,0.363697728,0.597577256,39.14210526,12086,8138,15
40,25,1000,0.351026825,0.611496577,37.428,13308,8454,15
40,30,0,0,0,0,0,0,10
40,30,50,0.422742192,0.232819074,75.56,166,546,10
40,30,100,0.407026413,0.278541953,70.42,405,1048,10
40,30,150,0.444811583,0.33998227,67.22666667,767,1488,10
40,30,200,0.431554252,0.376769627,61.38,1171,1936,10
40,30,250,0.399438955,0.39559339,60.316,1580,2413,10
40,30,300,0.407975864,0.415098158,58.37333333,2051,2889,10
40,30,350,0.392009398,0.420462388,61.67142857,2437,3358,10
40,30,400,0.395348496,0.44967723,52.045,3065,3750,10
40,30,450,0.38984979,0.511308259,48.85333333,4092,3910,10
40,30,500,0.392255561,0.538069378,51.432,4855,4167,10
40,30,550,0.390814426,0.565153876,47.35272727,5803,4464,10
40,30,600,0.373208172,0.569840289,47.02833333,6458,4874,10
40,30,650,0.361777505,0.583260472,47.74461538,7338,5242,10
40,30,700,0.353769197,0.577932042,46.39,7909,5775,10
40,30,750,0.355741635,0.591859845,44.97333333,8885,6126,10
40,30,800,0.370839065,0.583609427,45.34625,9336,6660,10
40,30,850,0.342642685,0.582139946,42.56235294,10000,7177,10
40,30,900,0.348225687,0.590485426,40.04888889,10960,7600,10
40,30,950,0.347275117,0.595452941,39.54526316,11812,8024,10
40,30,1000,0.352903093,0.596824038,38.511,12553,8479,10
45,0,0,0,0,0,0,0,45
45,0,50,0.433135135,0.266139657,74,202,556,45
45,0,100,0.458045482,0.354140915,65.08,573,1044,45
45,0,150,0.457264852,0.385193983,64.9,973,1552,45
45,0,200,0.428097936,0.419354839,64.43,1469,2033,45
45,0,250,0.43988168,0.396190924,55.984,1685,2567,45
45,0,300,0.449864556,0.448500181,53.48666667,2482,3051,45
45,0,350,0.454277815,0.487107291,55.80285714,3287,3460,45
45,0,400,0.448838084,0.528154133,50.6975,4249,3795,45
45,0,450,0.455569289,0.554082941,43.14888889,5184,4171,45
45,0,500,0.430942992,0.558177615,44.59,5795,4586,45
45,0,550,0.41870929,0.579778698,40.71818182,6864,4974,45
45,0,600,0.43671142,0.587463004,43.26166667,7741,5435,45
45,0,650,0.42860292,0.594551833,41.16615385,8643,5893,45
45,0,700,0.398507222,0.594199227,39.60428571,9383,6407,45
45,0,750,0.435673771,0.599544073,37.78666667,10257,6850,45
45,0,800,0.424436327,0.609859457,37.49125,11369,7272,45
45,0,850,0.422735714,0.616665015,36.03647059,12448,7737,45
45,0,900,0.417726448,0.629434412,34.51444444,13733,8084,45
45,0,950,0.437950881,0.65547029,34.24105263,15631,8215,45
45,0,1000,0.409480156,0.672433231,32.906,17297,8425,45
45,5,0,0,0,0,0,0,40
45,5,50,0.440118655,0.275549806,60.68,213,559,40
45,5,100,0.432065934,0.322663252,68.25,504,1057,40
45,5,150,0.418840703,0.380875203,62.87333333,940,1527,40
45,5,200,0.444788128,0.400058703,55.93,1363,2043,40
45,5,250,0.455984525,0.420705347,51.696,1849,2545,40
45,5,300,0.461141059,0.423120514,53.67333333,2240,3053,40
45,5,350,0.422850541,0.466593818,55.64285714,2989,3416,40
45,5,400,0.432235797,0.498083278,49.11,3768,3796,40
45,5,450,0.436640338,0.542799371,46.04666667,4832,4069,40
45,5,500,0.429554937,0.55937347,44.542,5714,4500,40
45,5,550,0.410979268,0.573497339,46.25818182,6574,4888,40
45,5,600,0.413956538,0.581174984,40.43166667,7360,5303,40
45,5,650,0.416842937,0.585026201,40.75692308,8150,5780,40
45,5,700,0.410556906,0.582573053,41.14571429,8812,6313,40
45,5,750,0.401455156,0.591873974,38.672,9731,6709,40
45,5,800,0.412608183,0.594965933,39.64625,10566,7192,40
45,5,850,0.408496916,0.59971778,38.52470588,11475,7658,40
45,5,900,0.42037871,0.615087787,35.53,12752,7979,40
45,5,950,0.421548773,0.632937394,34.70105263,14174,8219,40
45,5,1000,0.420861275,0.656688764,34.125,15949,8337,40
45,10,0,0,0,0,0,0,35
45,10,50,0.434588235,0.245590231,71.4,181,555,35
45,10,100,0.444765453,0.312294543,72.48,475,1045,35
45,10,150,0.425025039,0.365086026,67.00666667,870,1512,35
45,10,200,0.422432814,0.393357709,69.025,1291,1990,35
45,10,250,0.435479697,0.398808105,57.628,1673,2521,35
45,10,300,0.421152774,0.423875433,55.82666667,2205,2996,35
45,10,350,0.437966234,0.452760932,51.27714286,2837,3428,35
45,10,400,0.411285269,0.48767461,50.505,3561,3740,35
45,10,450,0.420556599,0.537550316,49.68444444,4674,4020,35
45,10,500,0.410639065,0.555836537,46.568,5495,4390,35
45,10,550,0.397508162,0.564577657,47.94363636,6216,4793,35
45,10,600,0.400455316,0.577408584,46.53666667,7090,5188,35
45,10,650,0.403495272,0.57819204,42.64153846,7816,5701,35
45,10,700,0.388361875,0.586134596,40.70857143,8666,6118,35
45,10,750,0.397297942,0.586181046,40.53733333,9383,6623,35
45,10,800,0.403543089,0.589019653,40.6425,10160,7088,35
45,10,850,0.393421196,0.592846353,37.77529412,10989,7546,35
45,10,900,0.402371317,0.603114204,37.99888889,12046,7926,35
45,10,950,0.400811049,0.614836547,36.33473684,13203,8270,35
45,10,1000,0.406518557,0.639473007,33.142,14901,8400,35
45,15,0,0,0,0,0,0,30
45,15,50,0.405627753,0.243093923,72.64,176,547,30
45,15,100,0.461021289,0.29305741,69.52,439,1058,30
45,15,150,0.421126558,0.389258951,68.09333333,935,1466,30
45,15,200,0.447884615,0.383416459,61.1,1230,1977,30
45,15,250,0.408352099,0.392926829,59.256,1611,2488,30
45,15,300,0.4168587,0.416222617,53.81,2109,2957,30
45,15,350,0.416349583,0.441045881,52.91428571,2682,3398,30
45,15,400,0.438205535,0.488027682,49.9975,3526,3698,30
45,15,450,0.389018683,0.513753754,51.82,4277,4047,30
45,15,500,0.405574938,0.54265602,48.2,5165,4352,30
45,15,550,0.400214889,0.572395882,46.98181818,6171,4609,30
45,15,600,0.383383117,0.575389227,45.97666667,6911,5099,30
45,15,650,0.387493527,0.582115545,45.02,7688,5518,30
45,15,700,0.380241939,0.576275939,45.22142857,8220,6043,30
45,15,750,0.372198172,0.584207478,41.284,9078,6460,30
45,15,800,0.379531015,0.583616122,40.75625,9803,6993,30
45,15,850,0.382592299,0.599281124,39.92235294,11004,7357,30
45,15,900,0.384443881,0.596794839,37.23222222,11656,7874,30
45,15,950,0.376913932,0.607206256,38.10315789,12656,8186,30
45,15,1000,0.379834271,0.623253738,36.276,13964,8440,30
45,20,0,0,0,0,0,0,25
45,20,50,0.451726868,0.223140496,80.84,162,563,25
45,20,100,0.420875439,0.289580514,74.02,428,1049,25
45,20,150,0.426732001,0.361373391,68.02666667,842,1487,25
45,20,200,0.419080255,0.369958717,67.41,1165,1983,25
45,20,250,0.404835977,0.397480237,64.308,1609,2438,25
45,20,300,0.418115911,0.414378029,62.57666667,2052,2899,25
45,20,350,0.432545111,0.437248996,54.71714286,2613,3362,25
45,20,400,0.427852933,0.469647193,54.0825,3288,3712,25
45,20,450,0.400853439,0.513983463,48.78444444,4227,3996,25
45,20,500,0.398887815,0.546530221,46.334,5127,4253,25
45,20,550,0.391009955,0.569649139,50.47272727,5991,4525,25
45,20,600,0.386584946,0.572044123,46.16,6638,4965,25
45,20,650,0.377900634,0.580960509,46.72923077,7488,5400,25
45,20,700,0.364244284,0.587726757,45.22,8294,5817,25
45,20,750,0.361314273,0.592029127,43.09066667,9106,6274,25
45,20,800,0.369274128,0.590812806,40.90125,9762,6760,25
45,20,850,0.368360133,0.592080772,39.91294118,10497,7231,25
45,20,900,0.357074942,0.587542445,39.64888889,11074,7773,25
45,20,950,0.362503029,0.598152995,39.05473684,12112,8136,25
45,20,1000,0.376568951,0.616457781,37.128,13477,8384,25
45,25,0,0,0,0,0,0,20
45,25,50,0.347038001,0.23347398,76.84,166,544,20
45,25,100,0.415929304,0.271664374,78.93,395,1058,20
45,25,150,0.419810057,0.345159877,78.62,788,1494,20
45,25,200,0.433825019,0.376751592,59.235,1183,1956,20
45,25,250,0.404756665,0.387806729,66.312,1533,2419,20
45,25,300,0.415392312,0.419497487,61.19,2087,2887,20
45,25,350,0.403299487,0.420027577,60.01428571,2437,3364,20
45,25,400,0.419041638,0.45230095,54.4875,3096,3748,20
45,25,450,0.385067171,0.501387837,53.68666667,3974,3951,20
45,25,500,0.392085059,0.548796499,50.036,5016,4123,20
45,25,550,0.381780865,0.561307902,49.78545455,5768,4507,20
45,25,600,0.355057323,0.57555962,49.23333333,6608,4872,20
45,25,650,0.375518851,0.578314213,44.45076923,7259,5292,20
45,25,700,0.36495055,0.582212803,46.22285714,7967,5716,20
45,25,750,0.363396993,0.587349398,45.14266667,8775,6164,20
45,25,800,0.359328095,0.588490906,44.105,9480,6628,20
45,25,850,0.36095842,0.587625302,40.35764706,10200,7157,20
45,25,900,0.353741332,0.594760013,42.76222222,11078,7547,20
45,25,950,0.355297195,0.589032749,40.23578947,11601,8093,20
45,25,1000,0.34387756,0.606267995,38.288,12845,8341,20
45,30,0,0,0,0,0,0,15
45,30,50,0.385858896,0.225531915,78.24,159,545,15
45,30,100,0.385913007,0.267869535,70.81,386,1054,15
45,30,150,0.387157594,0.340868794,71.52,769,1486,15
45,30,200,0.387748962,0.359075908,66.225,1088,1941,15
45,30,250,0.401637531,0.400504414,61.048,1588,2376,15
45,30,300,0.392763176,0.402042518,63.41333333,1929,2868,15
45,30,350,0.397887048,0.429684794,60.46285714,2481,3292,15
45,30,400,0.40051457,0.450764889,56.795,3035,3697,15
45,30,450,0.394336584,0.484914623,51.50666667,3777,4011,15
45,30,500,0.400557511,0.530808873,48.86,4738,4187,15
45,30,550,0.382482318,0.561159651,49.82545455,5652,4419,15
45,30,600,0.376732673,0.572873769,51.46833333,6399,4770,15
45,30,650,0.355403342,0.580527086,49.54461538,7137,5156,15
45,30,700,0.359018404,0.587329913,47.59428571,7899,5549,15
45,30,750,0.342428044,0.590608601,45.40133333,8666,6006,15
45,30,800,0.352026063,0.58838111,46.72625,9257,6475,15
45,30,850,0.346975928,0.579726516,43.77882353,9751,7068,15
45,30,900,0.345470882,0.584820196,43.74111111,10587,7515,15
45,30,950,0.339956626,0.588645882,41.74210526,11385,7955,15
45,30,1000,0.344163317,0.598045855,39.8,12364,8309,15
50,0,0,0,0,0,0,0,50
50,0,50,0.499485564,0.266754271,76.2,203,557,50
50,0,100,0.472196269,0.334390863,61.65,527,1048,50
50,0,150,0.453580641,0.378063479,58.40666667,941,1547,50
50,0,200,0.44992058,0.402639296,58.235,1373,2036,50
50,0,250,0.436142913,0.420446696,61.128,1826,2516,50
50,0,300,0.425927026,0.433003177,59.50333333,2317,3033,50
50,0,350,0.440206913,0.468160742,56.02285714,3029,3440,50
50,0,400,0.438179686,0.504498631,50.8875,3869,3799,50
50,0,450,0.430076851,0.531292059,48.61111111,4737,4178,50
50,0,500,0.432979085,0.565703725,49.438,5816,4464,50
50,0,550,0.402987478,0.577148269,46.16181818,6703,4910,50
50,0,600,0.419986527,0.582768031,43.915,7474,5350,50
50,0,650,0.411223118,0.593818207,43.89692308,8434,5768,50
50,0,700,0.42092529,0.591348036,40.95571429,9063,6262,50
50,0,750,0.414539666,0.59279879,41.43466667,9796,6728,50
50,0,800,0.414361313,0.600946021,38.9275,10799,7170,50
50,0,850,0.411642505,0.613577023,37.84117647,11985,7547,50
50,0,900,0.402063896,0.627666086,37.53,13331,7907,50
50,0,950,0.394714408,0.640714379,36.94421053,14673,8227,50
50,0,1000,0.406469686,0.666145583,34.093,16619,8328,50
50,5,0,0,0,0,0,0,45
50,5,50,0.404071653,0.237771739,82.62,175,560,45
50,5,100,0.460080355,0.306892068,72.18,472,1065,45
50,5,150,0.446574693,0.365138373,60.88666667,884,1536,45
50,5,200,0.462930105,0.382370821,64.955,1258,2031,45
50,5,250,0.442645534,0.41323287,54.008,1755,2491,45
50,5,300,0.425941962,0.409456543,58.12333333,2087,3009,45
50,5,350,0.401153046,0.461074996,56.08571429,2908,3398,45
50,5,400,0.457614907,0.50646097,48.0825,3841,3742,45
50,5,450,0.418579428,0.521860465,47.40222222,4488,4111,45
50,5,500,0.421298697,0.543889845,47.272,5372,4504,45
50,5,550,0.39687434,0.562966964,44.60545455,6254,4854,45
50,5,600,0.41238545,0.579537209,45.26166667,7188,5214,45
50,5,650,0.408282104,0.581132075,41.55076923,7854,5660,45
50,5,700,0.403512112,0.584577955,44.38285714,8650,6146,45
50,5,750,0.404632909,0.589899869,42.07733333,9485,6593,45
50,5,800,0.39092497,0.595065562,41.24625,10347,7040,45
50,5,850,0.397837947,0.596033964,39.82117647,11091,7516,45
50,5,900,0.399344029,0.609343196,38.50666667,12274,7868,45
50,5,950,0.411310756,0.623114883,35.16736842,13511,8171,45
50,5,1000,0.411112507,0.645166795,36.389,15124,8317,45
50,10,0,0,0,0,0,0,40
50,10,50,0.459213012,0.259562842,76.24,190,541,40
50,10,100,0.455546392,0.284366577,67.9,422,1061,40
50,10,150,0.390754005,0.365092749,65.34,866,1505,40
50,10,200,0.419454014,0.4047763,61.54,1339,1968,40
50,10,250,0.410550591,0.390541199,58.904,1602,2499,40
50,10,300,0.409093658,0.41826359,60.26666667,2139,2974,40
50,10,350,0.423280461,0.444262563,56.02,2714,3394,40
50,10,400,0.410619946,0.488693984,50.085,3566,3730,40
50,10,450,0.429409217,0.518310867,50.39555556,4345,4037,40
50,10,500,0.396109032,0.541336117,49.27,5186,4393,40
50,10,550,0.402959652,0.561149086,47.25818182,6075,4750,40
50,10,600,0.39827524,0.575251392,44.37333333,6922,5110,40
50,10,650,0.384681502,0.576911431,46.35846154,7621,5588,40
50,10,700,0.397168573,0.58931025,43.09285714,8578,5977,40
50,10,750,0.381166289,0.587346311,41.79333333,9172,6443,40
50,10,800,0.383177327,0.586167733,41.685,9806,6922,40
50,10,850,0.38861475,0.590500998,41.04588235,10655,7388,40
50,10,900,0.388326302,0.599175683,38.45111111,11630,7779,40
50,10,950,0.403265542,0.610376593,37.17894737,12788,8162,40
50,10,1000,0.393951992,0.630176338,36.723,14259,8367,40
50,15,0,0,0,0,0,0,35
50,15,50,0.438633714,0.226256983,85.78,162,553,35
50,15,100,0.442127753,0.282593857,68.57,414,1050,35
50,15,150,0.404614815,0.362194599,72.08666667,845,1487,35
50,15,200,0.397089742,0.381681776,63.07,1221,1977,35
50,15,250,0.400396524,0.39803198,61.212,1618,2446,35
50,15,300,0.411400117,0.417479594,62.42333333,2097,2925,35
50,15,350,0.438815122,0.442666667,58.94,2656,3343,35
50,15,400,0.416094805,0.472499288,52.9375,3316,3701,35
50,15,450,0.41385558,0.507971548,46.66444444,4142,4011,35
50,15,500,0.395510117,0.548619194,50.804,5185,4265,35
50,15,550,0.394851046,0.554940334,46.25636364,5813,4661,35
50,15,600,0.399054352,0.576929601,44.85166667,6802,4987,35
50,15,650,0.384009658,0.575346735,45.09230769,7384,5449,35
50,15,700,0.375409257,0.58152599,45.45571429,8178,5884,35
50,15,750,0.359981263,0.578895399,44.11866667,8794,6396,35
50,15,800,0.363838459,0.583003109,43.735,9563,6839,35
50,15,850,0.376866225,0.591050342,42.42823529,10461,7237,35
50,15,900,0.373727408,0.593657817,38.88777778,11270,7713,35
50,15,950,0.373229641,0.611273222,40.33157895,12569,7992,35
50,15,1000,0.374518339,0.615529002,38.716,13445,8397,35
50,20,0,0,0,0,0,0,30
50,20,50,0.393257615,0.21875,77.48,154,549,30
50,20,100,0.431110827,0.252094972,78.14,361,1070,30
50,20,150,0.402011132,0.347939262,66.67333333,802,1502,30
50,20,200,0.413935496,0.38412496,67.825,1205,1931,30
50,20,250,0.39310086,0.396984925,63.732,1580,2399,30
50,20,300,0.384636705,0.415243902,58.89,2043,2876,30
50,20,350,0.395588431,0.426906598,59.51142857,2491,3343,30
50,20,400,0.398029674,0.459935897,55.0575,3157,3706,30
50,20,450,0.391644511,0.496613146,53.49333333,3959,4012,30
50,20,500,0.386730255,0.538276465,51.938,4922,4221,30
50,20,550,0.398385484,0.553405648,46.87636364,5663,4569,30
50,20,600,0.383124116,0.565680578,46.74833333,6425,4932,30
50,20,650,0.371597771,0.582546427,48.70615385,7403,5304,30
50,20,700,0.372336812,0.57945637,45.83428571,7909,5739,30
50,20,750,0.368273783,0.584320814,45.168,8728,6208,30
50,20,800,0.353643274,0.589286823,43.2475,9494,6616,30
50,20,850,0.352872448,0.58686453,45.23058824,10124,7126,30
50,20,900,0.366239651,0.589919137,40.81444444,10943,7606,30
50,20,950,0.358585379,0.593533019,40.71684211,11711,8019,30
50,20,1000,0.371731094,0.605092219,38.255,12762,8328,30
50,25,0,0,0,0,0,0,25
50,25,50,0.37638009,0.219236209,83.98,155,551,25
50,25,100,0.409617494,0.275034294,71.11,401,1056,25
50,25,150,0.424632535,0.362159789,64.58666667,825,1452,25
50,25,200,0.402665316,0.370081301,65.405,1138,1936,25
50,25,250,0.398357529,0.377145785,63.592,1472,2430,25
50,25,300,0.384312097,0.390667504,65.82,1867,2911,25
50,25,350,0.400124678,0.419867318,64.03428571,2405,3322,25
50,25,400,0.384613731,0.45209759,56.405,3039,3682,25
50,25,450,0.389822848,0.480573125,55.52888889,3723,4023,25
50,25,500,0.377777014,0.524730216,51.806,4668,4227,25
50,25,550,0.372168909,0.552492785,49.14,5552,4496,25
50,25,600,0.367404629,0.561127116,49.44166667,6233,4874,25
50,25,650,0.363931677,0.569818716,49.59384615,6978,5267,25
50,25,700,0.361260684,0.583574879,46.70285714,7852,5602,25
50,25,750,0.364588346,0.589402619,45.772,8643,6020,25
50,25,800,0.369673495,0.582612016,45.99375,9154,6557,25
50,25,850,0.347604573,0.587960775,45.54352941,9953,6974,25
50,25,900,0.343571634,0.593220339,43.70444444,10815,7415,25
50,25,950,0.3500269,0.5936066,44.44421053,11513,7881,25
50,25,1000,0.338932891,0.598281107,40.084,12391,8319,25
50,30,0,0,0,0,0,0,20
50,30,50,0.409907569,0.223175966,80.06,156,542,20
50,30,100,0.424385049,0.281767956,72.77,408,1039,20
50,30,150,0.387869326,0.326253954,73.87333333,722,1490,20
50,30,200,0.409180748,0.36137794,65.395,1091,1927,20
50,30,250,0.384198123,0.378638254,70.744,1457,2390,20
50,30,300,0.374766248,0.401476793,65.05,1903,2836,20
50,30,350,0.3831341,0.4067071,60.77714286,2280,3325,20
50,30,400,0.365842941,0.437972769,58.115,2895,3714,20
50,30,450,0.379918597,0.473030143,56.17555556,3578,3985,20
50,30,500,0.372375911,0.519281382,56.524,4538,4200,20
50,30,550,0.38343965,0.549928963,52.46545455,5419,4434,20
50,30,600,0.358865109,0.557663965,52.215,6054,4801,20
50,30,650,0.376407243,0.567554035,51.06,6801,5181,20
50,30,700,0.353244437,0.584325924,49.25857143,7702,5478,20
50,30,750,0.343289457,0.581844925,49.452,8307,5969,20
50,30,800,0.336689343,0.587335537,47.7275,9062,6366,20
50,30,850,0.335354216,0.587020827,46.84352941,9724,6840,20
50,30,900,0.343947975,0.583730159,44.75555556,10297,7342,20
50,30,950,0.344571547,0.591160804,44.46,11209,7751,20
50,30,1000,0.33874371,0.598679022,43.404,12146,8141,20
